Workbook

Sheet Comparative Sales
B1: ZEEFLORA LIMITED | I1: ZEEFLORA LIMITED
B2: ACTUAL SALES IN RESPECTIVE CURRENCIES | I2: ACTUAL SALES IN RESPECTIVE CURRENCIES
B3: 2024 SALES | I3: 2025 SALES
B4: Period | C4: EUR | D4: USD | E4: KSH | F4: Ledger Sales Ksh | I4: Period | J4: EUR | K4: USD | L4: KSH | M4: Ledger Sales Ksh | N4: % ↑↓
C5: Sales | D5: Sales | E5: Sales | J5: Sales | K5: Sales | L5: Sales
B6: 45292 | C6: 119460.6 | D6: 183797.94 | E6: 304905.18 | F6: 50550063 | I6: 45292 | J6: 203820.02 | K6: 148686.8 | L6: 538436.56 | M6: 47118749 | N6: =M6/F6 -> 0.93212048
B7: 45323 | C7: 153927.07 | D7: 203989.9 | E7: 788854.14 | F7: 57904875 | I7: 45323 | J7: 220503.29 | K7: 182866 | L7: 714508.72 | M7: 53998212 | N7: =M7/F7 -> 0.93253308
B8: 45352 | C8: 89751.08 | D8: 145569.56 | E8: 575637.93 | F8: 34186320 | I8: 45352 | J8: 172918.26 | K8: 168311.1 | L8: 343810.35 | M8: 46124501 | N8: =M8/F8 -> 1.3492093
B9: 45383 | C9: 67407.7 | D9: 146245.75 | E9: 597310.35 | F9: 29507538 | I9: 45383 | J9: 115088 | K9: 116906.58 | L9: 969767.52 | M9: 32835570 | N9: =M9/F9 -> 1.1127858
B10: 45413 | C10: 82739.65 | D10: 180991.87 | E10: 17525.86 | F10: 35707980 | I10: 45413 | J10: 128346.5 | K10: 170757.56 | L10: 1110034.6 | M10: 41902597 | N10: =M10/F10 -> 1.1734799
B11: 45444 | C11: 71663 | D11: 179664.1 | E11: 0 | F11: 33069559 | I11: 45444 | J11: 88790.07 | K11: =187142.6+1004 -> 188146.6 | L11: 445112.18 | M11: 37972845 | N11: =M11/F11 -> 1.1482719
B12: 45474 | C12: 81255.28 | D12: 163487.33 | E12: 176340 | F12: 32555900 | I12: 45474 | J12: 89077.12 | K12: 152167.84 | L12: 991146.81 | M12: 34132951 | N12: =M12/F12 -> 1.0484413
B13: 45505 | C13: 94716 | D13: 166878.38 | E13: 573099.5 | F13: 35516617 | I13: 45505 | J13: 67824.78 | K13: 133296.65 | L13: 214732.75 | M13: 27594785 | N13: =M13/F13 -> 0.77695421
B14: 45536 | C14: 91741.9 | D14: 139998.95 | E14: 346318.62 | F14: 31550758 | I14: 45536 | J14: 86077.2 | K14: 153947.6 | L14: 331680.98 | M14: 33255585 | N14: =M14/F14 -> 1.0540344
B15: 45566 | C15: 105668.1 | D15: 188921.87 | E15: 361293.04 | F15: 39549422 | I15: 45566 | J15: 100271.4 | K15: 210098 | L15: 547720.71 | M15: 42803756 | N15: =M15/F15 -> 1.0822852
B16: 45597 | C16: 92000.8 | D16: 114018.93 | E16: 631234.98 | F16: 28057824 | I16: 45597 | J16: 89735 | K16: 189648.35 | L16: 496146.5 | M16: 38447512 | N16: =M16/F16 -> 1.3702956
B17: 45627 | C17: 118730.48 | D17: 121413.3 | E17: 1090420 | F17: 32914046 | I17: 45627 | N17: =M17/F17 -> 0
B18: Total | C18: =SUM(C6:C17) -> 1169061.7 | D18: =SUM(D6:D17) -> 1934977.9 | E18: =SUM(E6:E17) -> 5462939.6 | F18: =SUM(F6:F17) -> 4.410709e+08 | I18: Total | J18: =SUM(J6:J17) -> 1362451.6 | K18: =SUM(K6:K17) -> 1814833.1 | L18: =SUM(L6:L17) -> 6703097.7 | M18: =SUM(M6:M17) -> 4.3618706e+08 | N18: =M18/F18 -> 0.98892732

Sheet Jan 2025-Prodn & Sales Analysis
B1: ZEEFLORA LIMITED
B2: PERFORMANCE PER VARIETY ANALYSIS
B3: 45688
B4: Description | C4: Production -Qty | D4: Rejection | E4: Sellable / Available for Sale | F4: Sales - Qty Export | G4: Sales - Qty Local | H4: Total Sales - Qty | I4: Export Sales -KES | J4: Local Sales KES | K4: Total Sales- KES | L4: % Export Sales | M4: Average Export Price KES | N4: Average Export Price USD | O4: Area SQM | P4: Production Per SQM | Q4: Revenue / SQM- USD
B5: STANDARD ROSES
B6: Rose Madam Cerise | C6: 50302 | D6: 1068 | E6: =C6-D6 -> 49234 | F6: 51236 | G6: 4200 | H6: =F6+G6 -> 55436 | I6: 891715.41 | J6: 12672.4 | K6: =I6+J6 -> 904387.81 | L6: =F6/E6 -> 1.040663 | M6: =I6/F6 -> 17.404079 | N6: =M6/129.39 -> 0.13450869 | O6: 2109.0462 | P6: =C6/O6*12 -> 286.20711 | Q6: =(K6*12/O6)/129.39 -> 39.76941
B7: Rose Madam Red | C7: 142086 | D7: 510 | E7: =C7-D7 -> 141576 | F7: 96842 | G7: 40 | H7: =F7+G7 -> 96882 | I7: 2745792.4 | J7: 120.69 | K7: =I7+J7 -> 2745913.1 | L7: =F7/E7 -> 0.68402837 | M7: =I7/F7 -> 28.353322 | N7: =M7/129.39 -> 0.21913071 | O7: 8374.1538 | P7: =C7/O7*12 -> 203.60648 | Q7: =(K7*12/O7)/129.39 -> 30.410698
B8: Rose Jumilia Bicolour Pink | C8: 198812 | D8: 1895 | E8: =C8-D8 -> 196917 | F8: 164114 | G8: 5560 | H8: =F8+G8 -> 169674 | I8: 2816064.4 | J8: 16775.87 | K8: =I8+J8 -> 2832840.3 | L8: =F8/E8 -> 0.83341712 | M8: =I8/F8 -> 17.159197 | N8: =M8/129.39 -> 0.1326161 | O8: 8684.3077 | P8: =C8/O8*12 -> 274.71896 | Q8: =(K8*12/O8)/129.39 -> 30.252928
B9: Rose Trivia Pale Pink | C9: 92708 | D9: 838 | E9: =C9-D9 -> 91870 | F9: 95750 | G9: 8120 | H9: =F9+G9 -> 103870 | I9: 1555505 | J9: 24500.01 | K9: =I9+J9 -> 1580005 | L9: =F9/E9 -> 1.0422336 | M9: =I9/F9 -> 16.245483 | N9: =M9/129.39 -> 0.12555439 | O9: 5334.6462 | P9: =C9/O9*12 -> 208.54167 | Q9: =(K9*12/O9)/129.39 -> 27.4684
B10: Rose Athena White | C10: 228840 | D10: 1826 | E10: =C10-D10 -> 227014 | F10: 178402 | G10: 31740 | H10: =F10+G10 -> 210142 | I10: 2696254.4 | J10: 94463.81 | K10: =I10+J10 -> 2790718.2 | L10: =F10/E10 -> 0.78586343 | M10: =I10/F10 -> 15.113364 | N10: =M10/129.39 -> 0.11680473 | O10: 10545.231 | P10: =C10/O10*12 -> 260.40966 | Q10: =(K10*12/O10)/129.39 -> 24.543723
B11: Rose Kamala Red | C11: 137901 | D11: 1066 | E11: =C11-D11 -> 136835 | F11: 117074 | G11: 1620 | H11: =F11+G11 -> 118694 | I11: 2593477.8 | J11: 4887.94 | K11: =I11+J11 -> 2598365.8 | L11: =F11/E11 -> 0.85558519 | M11: =I11/F11 -> 22.152466 | N11: =M11/129.39 -> 0.17120694 | O11: 10048.985 | P11: =C11/O11*12 -> 164.67455 | Q11: =(K11*12/O11)/129.39 -> 23.980522
B12: Rose Pegasso White | C12: 76159 | D12: 3499 | E12: =C12-D12 -> 72660 | F12: 45430 | G12: 6840 | H12: =F12+G12 -> 52270 | I12: 1185824.9 | J12: 20637.94 | K12: =I12+J12 -> 1206462.8 | L12: =F12/E12 -> 0.62524085 | M12: =I12/F12 -> 26.102243 | N12: =M12/129.39 -> 0.20173308 | O12: 4962.4615 | P12: =C12/O12*12 -> 184.16425 | Q12: =(K12*12/O12)/129.39 -> 22.547445
B13: Rose Ace Cerise | C13: 65175 | D13: 1817 | E13: =C13-D13 -> 63358 | F13: 49200 | G13: 9460 | H13: =F13+G13 -> 58660 | I13: 717015.43 | J13: 28543.11 | K13: =I13+J13 -> 745558.54 | L13: =F13/E13 -> 0.77653966 | M13: =I13/F13 -> 14.573484 | N13: =M13/129.39 -> 0.11263223 | O13: 3349.6615 | P13: =C13/O13*12 -> 233.48628 | Q13: =(K13*12/O13)/129.39 -> 20.642455
B14: Rose Goldfinch | C14: 68091 | D14: 1089 | E14: =C14-D14 -> 67002 | F14: 61792 | G14: 10920 | H14: =F14+G14 -> 72712 | I14: 1021626.3 | J14: 32948.3 | K14: =I14+J14 -> 1054574.6 | L14: =F14/E14 -> 0.92224113 | M14: =I14/F14 -> 16.53331 | N14: =M14/129.39 -> 0.12777889 | O14: 4794.0923 | P14: =C14/O14*12 -> 170.43727 | Q14: =(K14*12/O14)/129.39 -> 20.401
B15: Rose Celeb Salmon Pink | C15: 65543 | D15: 1850 | E15: =C15-D15 -> 63693 | F15: 60588 | G15: 2900 | H15: =F15+G15 -> 63488 | I15: 1151658.5 | J15: 8750 | K15: =I15+J15 -> 1160408.5 | L15: =F15/E15 -> 0.95125053 | M15: =I15/F15 -> 19.008029 | N15: =M15/129.39 -> 0.14690493 | O15: 5371.8646 | P15: =C15/O15*12 -> 146.41397 | Q15: =(K15*12/O15)/129.39 -> 20.03394
B16: Rose Tiger | C16: 37140 | D16: 1054 | E16: =C16-D16 -> 36086 | F16: 28990 | G16: 4180 | H16: =F16+G16 -> 33170 | I16: 420489.24 | J16: 12612.08 | K16: =I16+J16 -> 433101.32 | L16: =F16/E16 -> 0.80335864 | M16: =I16/F16 -> 14.504631 | N16: =M16/129.39 -> 0.11210009 | O16: 2605.2923 | P16: =C16/O16*12 -> 171.06718 | Q16: =(K16*12/O16)/129.39 -> 15.417487
B17: Rose Moonwalk Yellow | C17: 22288 | D17: 1165 | E17: =C17-D17 -> 21123 | F17: 29262 | G17: 1900 | H17: =F17+G17 -> 31162 | I17: 475634.8 | J17: 5732.76 | K17: =I17+J17 -> 481367.56 | L17: =F17/E17 -> 1.3853146 | M17: =I17/F17 -> 16.25435 | N17: =M17/129.39 -> 0.12562293 | O17: 2977.4769 | P17: =C17/O17*12 -> 89.826389 | Q17: =(K17*12/O17)/129.39 -> 14.993705
... B21: Rose Indigo | C21: 40873 | D21: 1093 | E21: =C21-D21 -> 39780 | F21: 22400 | G21: 3440 | H21: =F21+G21 -> 25840 | I21: 301687.06 | J21: 10446.91 | K21: =I21+J21 -> 312133.97 | L21: =F21/E21 -> 0.56309703 | M21: =I21/F21 -> 13.468172 | N21: =M21/129.39 -> 0.10408975 | O21: 2357.1692 | P21: =C21/O21*12 -> 208.0784 | Q21: =(K21*12/O21)/129.39 -> 12.280917
B22: SUB TOTAL | C22: =SUM(C6:C21) -> 1430948 | D22: =SUM(D6:D21) -> 24010 | E22: =SUM(E6:E21) -> 1406938 | F22: =SUM(F6:F21) -> 1142380 | G22: =SUM(G6:G21) -> 132760 | H22: =SUM(H6:H21) -> 1275140 | I22: =SUM(I6:I21) -> 20633715 | J22: =SUM(J6:J21) -> 399333.21 | K22: =SUM(K6:K21) -> 21033049 | L22: =F22/E22 -> 0.81196186 | M22: =I22/F22 -> 18.062042 | N22: =M22/129.39 -> 0.1395938 | O22: =SUM(O6:O21) -> 86952.369 | P22: =C22/O22*12 -> 197.48025 | Q22: =(K22*12/O22)/129.39 -> 22.433722
B23: % | D23: =D22/C22 -> 0.016779086 | E23: =E22/C22 -> 0.98322091
B24: SPRAY ROSES
B25: Spray Rose Snowflake White | C25: 52420 | D25: 705 | E25: =C25-D25 -> 51715 | F25: 61000 | G25: 480 | H25: =F25+G25 -> 61480 | I25: 2321796.4 | J25: 1655.16 | K25: =I25+J25 -> 2323451.5 | L25: =F25/E25 -> 1.1795417 | M25: =I25/F25 -> 38.062235 | N25: =M25/129.39 -> 0.29416675 | O25: 5210.5846 | P25: =C25/O25*12 -> 120.7235 | Q25: =(K25*12/O25)/129.39 -> 41.354968
B26: Spray Rose Mirabel | C26: 71685 | D26: 1026 | E26: =C26-D26 -> 70659 | F26: 62050 | G26: 120 | H26: =F26+G26 -> 62170 | I26: 2958006 | J26: 413.79 | K26: =I26+J26 -> 2958419.8 | L26: =F26/E26 -> 0.87816131 | M26: =I26/F26 -> 47.671329 | N26: =M26/129.39 -> 0.36843132 | O26: 8436.1846 | P26: =C26/O26*12 -> 101.9679 | Q26: =(K26*12/O26)/129.39 -> 32.523273
B27: Spray Rose Lianne Pink | C27: 46727 | D27: 371 | E27: =C27-D27 -> 46356 | F27: 47480 | G27: 600 | H27: =F27+G27 -> 48080 | I27: 1756333.3 | J27: 2068.96 | K27: =I27+J27 -> 1758402.3 | L27: =F27/E27 -> 1.0242471 | M27: =I27/F27 -> 36.991014 | N27: =M27/129.39 -> 0.28588773 | O27: 5024.4923 | P27: =C27/O27*12 -> 111.59814 | Q27: =(K27*12/O27)/129.39 -> 32.456866
B28: Spray Rose Marisa Yellow | C28: 19767 | D28: 328 | E28: =C28-D28 -> 19439 | F28: 27430 | G28: 240 | H28: =F28+G28 -> 27670 | I28: 924502.37 | J28: 827.58 | K28: =I28+J28 -> 925329.95 | L28: =F28/E28 -> 1.4110808 | M28: =I28/F28 -> 33.70406 | N28: =M28/129.39 -> 0.26048427 | O28: 2667.3231 | P28: =C28/O28*12 -> 88.92961 | Q28: =(K28*12/O28)/129.39 -> 32.173739
B29: Spray Rose Reflex Bicolour | C29: 72219 | D29: 417 | E29: =C29-D29 -> 71802 | F29: 71700 | G29: 580 | H29: =F29+G29 -> 72280 | I29: 2534161.6 | J29: 2000 | K29: =I29+J29 -> 2536161.6 | L29: =F29/E29 -> 0.99857943 | M29: =I29/F29 -> 35.343955 | N29: =M29/129.39 -> 0.27315832 | O29: 7381.6615 | P29: =C29/O29*12 -> 117.40284 | Q29: =(K29*12/O29)/129.39 -> 31.864222
B30: Spray Rose Odilia Pink | C30: 50790 | D30: 667 | E30: =C30-D30 -> 50123 | F30: 41330 | G30: 9980 | H30: =F30+G30 -> 51310 | I30: 1603800.8 | J30: 34413.78 | K30: =I30+J30 -> 1638214.6 | L30: =F30/E30 -> 0.82457155 | M30: =I30/F30 -> 38.804763 | N30: =M30/129.39 -> 0.29990542 | O30: 5024.4923 | P30: =C30/O30*12 -> 121.30181 | Q30: =(K30*12/O30)/129.39 -> 30.238423
B31: Spray Rose Eileen | C31: 26052 | D31: 217 | E31: =C31-D31 -> 25835 | F31: 24240 | G31: 360 | H31: =F31+G31 -> 24600 | I31: 839574.91 | J31: 1241.38 | K31: =I31+J31 -> 840816.29 | L31: =F31/E31 -> 0.93826205 | M31: =I31/F31 -> 34.635929 | N31: =M31/129.39 -> 0.26768629 | O31: 2605.2923 | P31: =C31/O31*12 -> 119.99575 | Q31: =(K31*12/O31)/129.39 -> 29.931273
B32: Spray Rose Babe Orange | C32: 44074 | D32: 374 | E32: =C32-D32 -> 43700 | F32: 41225 | G32: 240 | H32: =F32+G32 -> 41465 | I32: 1394878.7 | J32: 827.58 | K32: =I32+J32 -> 1395706.3 | L32: =F32/E32 -> 0.94336384 | M32: =I32/F32 -> 33.835748 | N32: =M32/129.39 -> 0.26150203 | O32: 5148.5538 | P32: =C32/O32*12 -> 102.72555 | Q32: =(K32*12/O32)/129.39 -> 25.141391
B33: Spray Rose Sweet Sara | C33: 19077 | D33: 610 | E33: =C33-D33 -> 18467 | F33: 19340 | G33: 0 | H33: =F33+G33 -> 19340 | I33: 679930.28 | J33: 0 | K33: =I33+J33 -> 679930.28 | L33: =F33/E33 -> 1.0472735 | M33: =I33/F33 -> 35.156685 | N33: =M33/129.39 -> 0.27171099 | O33: 2605.2923 | P33: =C33/O33*12 -> 87.868835 | Q33: =(K33*12/O33)/129.39 -> 24.204073
B34: Spray Rose Good Mood | C34: 33823 | D34: 1220 | E34: =C34-D34 -> 32603 | F34: 34850 | G34: 240 | H34: =F34+G34 -> 35090 | I34: 1306134 | J34: 827.58 | K34: =I34+J34 -> 1306961.6 | L34: =F34/E34 -> 1.06892 | M34: =I34/F34 -> 37.478739 | N34: =M34/129.39 -> 0.28965715 | O34: 5027.4462 | P34: =C34/O34*12 -> 80.732043 | Q34: =(K34*12/O34)/129.39 -> 24.109929
B35: Spray Rose Tessa | C35: 23215 | D35: 334 | E35: =C35-D35 -> 22881 | F35: 17720 | G35: 1080 | H35: =F35+G35 -> 18800 | I35: 650216.71 | J35: 3724.14 | K35: =I35+J35 -> 653940.85 | L35: =F35/E35 -> 0.77444168 | M35: =I35/F35 -> 36.693945 | N35: =M35/129.39 -> 0.28359182 | O35: 2667.3231 | P35: =C35/O35*12 -> 104.44179 | Q35: =(K35*12/O35)/129.39 -> 22.737535
B36: Spray Rose Fancy | C36: 18672 | D36: 132 | E36: =C36-D36 -> 18540 | F36: 15710 | G36: 120 | H36: =F36+G36 -> 15830 | I36: 568844.45 | J36: 413.79 | K36: =I36+J36 -> 569258.24 | L36: =F36/E36 -> 0.84735707 | M36: =I36/F36 -> 36.209067 | N36: =M36/129.39 -> 0.2798444 | O36: 2357.1692 | P36: =C36/O36*12 -> 95.056391 | Q36: =(K36*12/O36)/129.39 -> 22.397477
... B52: Spray Rose Jalita | C52: 25543 | D52: 490 | E52: =C52-D52 -> 25053 | F52: 10780 | G52: 600 | H52: =F52+G52 -> 11380 | I52: 348793.17 | J52: 2068.96 | K52: =I52+J52 -> 350862.13 | L52: =F52/E52 -> 0.43028779 | M52: =I52/F52 -> 32.355582 | N52: =M52/129.39 -> 0.25006246 | O52: 4993.4769 | P52: =C52/O52*12 -> 61.383282 | Q52: =(K52*12/O52)/129.39 -> 6.5164937
B53: Spray Rose Wedding Party | C53: 23429 | D53: 618 | E53: =C53-D53 -> 22811 | F53: =9690+1080 -> 10770 | G53: 1040 | H53: =F53+G53 -> 11810 | I53: 331993.67 | J53: 3586.2 | K53: =I53+J53 -> 335579.87 | L53: =F53/E53 -> 0.47214063 | M53: =I53/F53 -> 30.825782 | N53: =M53/129.39 -> 0.23823929 | O53: 5009.7231 | P53: =C53/O53*12 -> 56.120467 | Q53: =(K53*12/O53)/129.39 -> 6.2124473
B54: SUB TOTAL | C54: =SUM(C25:C53) -> 813240 | D54: =SUM(D25:D53) -> 11679 | E54: =SUM(E25:E53) -> 801561 | F54: =SUM(F25:F53) -> 694260 | G54: =SUM(G25:G53) -> 39920 | H54: =SUM(H25:H53) -> 734180 | I54: =SUM(I25:I53) -> 25914062 | J54: =SUM(J25:J53) -> 137655.07 | K54: =SUM(K25:K53) -> 26051717 | L54: =F54/E54 -> 0.86613495 | M54: =I54/F54 -> 37.326163 | N54: =M54/129.39 -> 0.28847796 | O54: =SUM(O25:O53) -> 106988.31 | P54: =(C54/O54)*12 -> 91.214453 | Q54: =(K54*12/O54)/129.39 -> 22.582945
B55: % | D55: =D54/C54 -> 0.014361074 | E55: =E54/C54 -> 0.98563893
B57: GRAND TOTAL | C57: =C22+C54 -> 2244188 | D57: =D22+D54 -> 35689 | E57: =E22+E54 -> 2208499 | F57: =F22+F54 -> 1836640 | G57: =G22+G54 -> 172680 | H57: =H22+H54 -> 2009320 | I57: =I22+I54 -> 46547777 | J57: =J22+J54 -> 536988.28 | K57: =K22+K54 -> 47084766 | L57: =F57/(E57) -> 0.83162365 | M57: =I57/F57 -> 25.343985 | N57: =M57/129.39 -> 0.19587283 | O57: =O54+O22 -> 193940.68 | P57: =(C57/O57)*12 -> 138.85821 | Q57: =(K57*12/O57)/129.39 -> 22.516041
B58: % | D58: =D57/C57 -> 0.015902857 | E58: =E57/C57 -> 0.98409714
B60: Notes
A61: 1 | B61: Ranked by Revenue / SQM
A62: 2 | B62: Exports were at 81% for Standard Roses and 87% for Spray roses whose combined average is 83%.
A63: 3 | B63: Standard Roses achieved a prorated revenue / SQM of USD 22.43, Spray Roses achieved a prorated revenue / SQM of USD 22.58 whose combined average is USD 22.52/SQM.
A64: 4 | B64: Rejection Rate for Standard Roses was 1.68% While that of Spray Roses was 1.44% - Average Rejection rate was 1.59% of Production.
A65: 5 | B65: Standard Roses achieved a prorated production / SQM of 197 Stems, Spray Roses achieved a prorated Production / SQM of 91 Stems whose combined average is 139 Stems /SQM.
A66: 6 | B66: Standard Roses achieved an average price of USD 0.14/ Stem, Spray Roses achieved an average price of USD 0.29 / Stems whose combined average price USD 0.20 /Stem.
A67: 7 | B67: Above computation is on Weighted Average USD Exchange Rate for July 2024 I.E 129.39
B69: Particulars | C69: SQM
B70: Standard Roses | C70: =O22 -> 86952.369
B71: Spray Roses | C71: =O54 -> 106988.31
B72: Trials | C72: 1612.8
B73: Root Stocks | C73: 2171.0769
B74: Total Area | C74: =SUM(C70:C73) -> 197724.55

Sheet Jan - Colour Code
B1: ZEEFLORA LIMITED
B2: PERFORMANCE PER VARIETY ANALYSIS
B3: 45658
B4: Description | C4: Production -Qty | D4: Rejection | E4: Sellable / Available for Sale | F4: Sales - Qty Export | G4: Sales - Qty Local | H4: Total Sales - Qty | I4: Export Sales -KES | J4: Local Sales KES | K4: Total Sales- KES | L4: % Export Sales | M4: Average Export Price KES | N4: Average Export Price USD | O4: Area SQM | P4: Production Per SQM | Q4: Revenue / SQM- USD
B5: STANDARD ROSES
B6: Rose Jumilia Bicolour Pink | C6: ='Jan 2025-Prodn & Sales Analysis'!C8 -> 198812 | D6: ='Jan 2025-Prodn & Sales Analysis'!D8 -> 1895 | E6: ='Jan 2025-Prodn & Sales Analysis'!E8 -> 196917 | F6: ='Jan 2025-Prodn & Sales Analysis'!F8 -> 164114 | G6: ='Jan 2025-Prodn & Sales Analysis'!G8 -> 5560 | H6: ='Jan 2025-Prodn & Sales Analysis'!H8 -> 169674 | I6: ='Jan 2025-Prodn & Sales Analysis'!I8 -> 2816064.4 | J6: ='Jan 2025-Prodn & Sales Analysis'!J8 -> 16775.87 | K6: ='Jan 2025-Prodn & Sales Analysis'!K8 -> 2832840.3 | L6: =(F6+F7)/(E6+E7) -> 0.8998466 | M6: =I6/F6 -> 17.159197 | N6: =M6/129.39 -> 0.1326161 | O6: ='Jan 2025-Prodn & Sales Analysis'!O8 -> 8684.3077 | P6: =C6/O6*12 -> 274.71896 | Q6: =(K6+K7)*12/(O6+O7)/129.39 -> 29.193329
B7: Rose Trivia Pale Pink | C7: ='Jan 2025-Prodn & Sales Analysis'!C9 -> 92708 | D7: ='Jan 2025-Prodn & Sales Analysis'!D9 -> 838 | E7: ='Jan 2025-Prodn & Sales Analysis'!E9 -> 91870 | F7: ='Jan 2025-Prodn & Sales Analysis'!F9 -> 95750 | G7: ='Jan 2025-Prodn & Sales Analysis'!G9 -> 8120 | H7: ='Jan 2025-Prodn & Sales Analysis'!H9 -> 103870 | I7: ='Jan 2025-Prodn & Sales Analysis'!I9 -> 1555505 | J7: ='Jan 2025-Prodn & Sales Analysis'!J9 -> 24500.01 | K7: ='Jan 2025-Prodn & Sales Analysis'!K9 -> 1580005 | M7: =I7/F7 -> 16.245483 | N7: =M7/129.39 -> 0.12555439 | O7: ='Jan 2025-Prodn & Sales Analysis'!O9 -> 5334.6462 | P7: =C7/O7*12 -> 208.54167
B8: Rose Madam Cerise | C8: ='Jan 2025-Prodn & Sales Analysis'!C6 -> 50302 | D8: ='Jan 2025-Prodn & Sales Analysis'!D6 -> 1068 | E8: ='Jan 2025-Prodn & Sales Analysis'!E6 -> 49234 | F8: ='Jan 2025-Prodn & Sales Analysis'!F6 -> 51236 | G8: ='Jan 2025-Prodn & Sales Analysis'!G6 -> 4200 | H8: ='Jan 2025-Prodn & Sales Analysis'!H6 -> 55436 | I8: ='Jan 2025-Prodn & Sales Analysis'!I6 -> 891715.41 | J8: ='Jan 2025-Prodn & Sales Analysis'!J6 -> 12672.4 | K8: ='Jan 2025-Prodn & Sales Analysis'!K6 -> 904387.81 | L8: =(F8+F9)/(E8+E9) -> 0.89203496 | M8: =I8/F8 -> 17.404079 | N8: =M8/129.39 -> 0.13450869 | O8: ='Jan 2025-Prodn & Sales Analysis'!O6 -> 2109.0462 | P8: =C8/O8*12 -> 286.20711 | Q8: =(K8+K9)*12/(O8+O9)/129.39 -> 28.032415
B9: Rose Ace Cerise | C9: ='Jan 2025-Prodn & Sales Analysis'!C13 -> 65175 | D9: ='Jan 2025-Prodn & Sales Analysis'!D13 -> 1817 | E9: ='Jan 2025-Prodn & Sales Analysis'!E13 -> 63358 | F9: ='Jan 2025-Prodn & Sales Analysis'!F13 -> 49200 | G9: ='Jan 2025-Prodn & Sales Analysis'!G13 -> 9460 | H9: ='Jan 2025-Prodn & Sales Analysis'!H13 -> 58660 | I9: ='Jan 2025-Prodn & Sales Analysis'!I13 -> 717015.43 | J9: ='Jan 2025-Prodn & Sales Analysis'!J13 -> 28543.11 | K9: ='Jan 2025-Prodn & Sales Analysis'!K13 -> 745558.54 | M9: =I9/F9 -> 14.573484 | N9: =M9/129.39 -> 0.11263223 | O9: ='Jan 2025-Prodn & Sales Analysis'!O13 -> 3349.6615 | P9: =C9/O9*12 -> 233.48628
B10: Rose Kamala Red | C10: ='Jan 2025-Prodn & Sales Analysis'!C11 -> 137901 | D10: ='Jan 2025-Prodn & Sales Analysis'!D11 -> 1066 | E10: ='Jan 2025-Prodn & Sales Analysis'!E11 -> 136835 | F10: ='Jan 2025-Prodn & Sales Analysis'!F11 -> 117074 | G10: ='Jan 2025-Prodn & Sales Analysis'!G11 -> 1620 | H10: ='Jan 2025-Prodn & Sales Analysis'!H11 -> 118694 | I10: ='Jan 2025-Prodn & Sales Analysis'!I11 -> 2593477.8 | J10: ='Jan 2025-Prodn & Sales Analysis'!J11 -> 4887.94 | K10: ='Jan 2025-Prodn & Sales Analysis'!K11 -> 2598365.8 | L10: =(F10+F11)/(C10+C11) -> 0.76402119 | M10: =I10/F10 -> 22.152466 | N10: =M10/129.39 -> 0.17120694 | O10: ='Jan 2025-Prodn & Sales Analysis'!O11 -> 10048.985 | P10: =C10/O10*12 -> 164.67455 | Q10: =(K10+K11)*12/(O10+O11)/129.39 -> 26.90333
B11: Rose Madam Red | C11: ='Jan 2025-Prodn & Sales Analysis'!C7 -> 142086 | D11: ='Jan 2025-Prodn & Sales Analysis'!D7 -> 510 | E11: ='Jan 2025-Prodn & Sales Analysis'!E7 -> 141576 | F11: ='Jan 2025-Prodn & Sales Analysis'!F7 -> 96842 | G11: ='Jan 2025-Prodn & Sales Analysis'!G7 -> 40 | H11: ='Jan 2025-Prodn & Sales Analysis'!H7 -> 96882 | I11: ='Jan 2025-Prodn & Sales Analysis'!I7 -> 2745792.4 | J11: ='Jan 2025-Prodn & Sales Analysis'!J7 -> 120.69 | K11: ='Jan 2025-Prodn & Sales Analysis'!K7 -> 2745913.1 | M11: =I11/F11 -> 28.353322 | N11: =M11/129.39 -> 0.21913071 | O11: ='Jan 2025-Prodn & Sales Analysis'!O7 -> 8374.1538 | P11: =C11/O11*12 -> 203.60648
B12: Rose Athena White | C12: ='Jan 2025-Prodn & Sales Analysis'!C10 -> 228840 | D12: ='Jan 2025-Prodn & Sales Analysis'!D10 -> 1826 | E12: ='Jan 2025-Prodn & Sales Analysis'!E10 -> 227014 | F12: ='Jan 2025-Prodn & Sales Analysis'!F10 -> 178402 | G12: ='Jan 2025-Prodn & Sales Analysis'!G10 -> 31740 | H12: ='Jan 2025-Prodn & Sales Analysis'!H10 -> 210142 | I12: ='Jan 2025-Prodn & Sales Analysis'!I10 -> 2696254.4 | J12: ='Jan 2025-Prodn & Sales Analysis'!J10 -> 94463.81 | K12: ='Jan 2025-Prodn & Sales Analysis'!K10 -> 2790718.2 | L12: =F12/E12 -> 0.78586343 | M12: =I12/F12 -> 15.113364 | N12: =M12/129.39 -> 0.11680473 | O12: ='Jan 2025-Prodn & Sales Analysis'!O10 -> 10545.231 | P12: =C12/O12*12 -> 260.40966 | Q12: =(K12*12/O12)/129.39 -> 24.543723
B13: Rose Pegasso White | C13: ='Jan 2025-Prodn & Sales Analysis'!C12 -> 76159 | D13: ='Jan 2025-Prodn & Sales Analysis'!D12 -> 3499 | E13: ='Jan 2025-Prodn & Sales Analysis'!E12 -> 72660 | F13: ='Jan 2025-Prodn & Sales Analysis'!F12 -> 45430 | G13: ='Jan 2025-Prodn & Sales Analysis'!G12 -> 6840 | H13: ='Jan 2025-Prodn & Sales Analysis'!H12 -> 52270 | I13: ='Jan 2025-Prodn & Sales Analysis'!I12 -> 1185824.9 | J13: ='Jan 2025-Prodn & Sales Analysis'!J12 -> 20637.94 | K13: ='Jan 2025-Prodn & Sales Analysis'!K12 -> 1206462.8 | L13: =F13/E13 -> 0.62524085 | M13: =I13/F13 -> 26.102243 | N13: =M13/129.39 -> 0.20173308 | O13: ='Jan 2025-Prodn & Sales Analysis'!O12 -> 4962.4615 | P13: =C13/O13*12 -> 184.16425 | Q13: =(K13*12/O13)/129.39 -> 22.547445
B14: Rose Celeb Salmon Pink | C14: ='Jan 2025-Prodn & Sales Analysis'!C14 -> 68091 | D14: ='Jan 2025-Prodn & Sales Analysis'!D14 -> 1089 | E14: ='Jan 2025-Prodn & Sales Analysis'!E14 -> 67002 | F14: ='Jan 2025-Prodn & Sales Analysis'!F14 -> 61792 | G14: ='Jan 2025-Prodn & Sales Analysis'!G14 -> 10920 | H14: ='Jan 2025-Prodn & Sales Analysis'!H14 -> 72712 | I14: ='Jan 2025-Prodn & Sales Analysis'!I14 -> 1021626.3 | J14: ='Jan 2025-Prodn & Sales Analysis'!J14 -> 32948.3 | K14: ='Jan 2025-Prodn & Sales Analysis'!K14 -> 1054574.6 | L14: =F14/E14 -> 0.92224113 | M14: =I14/F14 -> 16.53331 | N14: =M14/129.39 -> 0.12777889 | O14: ='Jan 2025-Prodn & Sales Analysis'!O14 -> 4794.0923 | P14: =C14/O14*12 -> 170.43727 | Q14: =(K14*12/O14)/129.39 -> 20.401
B15: Rose Goldfinch | C15: ='Jan 2025-Prodn & Sales Analysis'!C15 -> 65543 | D15: ='Jan 2025-Prodn & Sales Analysis'!D15 -> 1850 | E15: ='Jan 2025-Prodn & Sales Analysis'!E15 -> 63693 | F15: ='Jan 2025-Prodn & Sales Analysis'!F15 -> 60588 | G15: ='Jan 2025-Prodn & Sales Analysis'!G15 -> 2900 | H15: ='Jan 2025-Prodn & Sales Analysis'!H15 -> 63488 | I15: ='Jan 2025-Prodn & Sales Analysis'!I15 -> 1151658.5 | J15: ='Jan 2025-Prodn & Sales Analysis'!J15 -> 8750 | K15: ='Jan 2025-Prodn & Sales Analysis'!K15 -> 1160408.5 | L15: =(F15+F16)/(C15+C16) -> 1.0229873 | M15: =I15/F15 -> 19.008029 | N15: =M15/129.39 -> 0.14690493 | O15: ='Jan 2025-Prodn & Sales Analysis'!O15 -> 5371.8646 | P15: =C15/O15*12 -> 146.41397 | Q15: =(K15+K16)*12/(O15+O16)/129.39 -> 18.23653
B16: Rose Moonwalk Yellow | C16: ='Jan 2025-Prodn & Sales Analysis'!C17 -> 22288 | D16: ='Jan 2025-Prodn & Sales Analysis'!D17 -> 1165 | E16: ='Jan 2025-Prodn & Sales Analysis'!E17 -> 21123 | F16: ='Jan 2025-Prodn & Sales Analysis'!F17 -> 29262 | G16: ='Jan 2025-Prodn & Sales Analysis'!G17 -> 1900 | H16: ='Jan 2025-Prodn & Sales Analysis'!H17 -> 31162 | I16: ='Jan 2025-Prodn & Sales Analysis'!I17 -> 475634.8 | J16: ='Jan 2025-Prodn & Sales Analysis'!J17 -> 5732.76 | K16: ='Jan 2025-Prodn & Sales Analysis'!K17 -> 481367.56 | M16: =I16/F16 -> 16.25435 | N16: =M16/129.39 -> 0.12562293 | O16: ='Jan 2025-Prodn & Sales Analysis'!O17 -> 2977.4769 | P16: =C16/O16*12 -> 89.826389
B17: Rose Tiger | C17: ='Jan 2025-Prodn & Sales Analysis'!C16 -> 37140 | D17: ='Jan 2025-Prodn & Sales Analysis'!D16 -> 1054 | E17: ='Jan 2025-Prodn & Sales Analysis'!E16 -> 36086 | F17: ='Jan 2025-Prodn & Sales Analysis'!F16 -> 28990 | G17: ='Jan 2025-Prodn & Sales Analysis'!G16 -> 4180 | H17: ='Jan 2025-Prodn & Sales Analysis'!H16 -> 33170 | I17: ='Jan 2025-Prodn & Sales Analysis'!I16 -> 420489.24 | J17: ='Jan 2025-Prodn & Sales Analysis'!J16 -> 12612.08 | K17: ='Jan 2025-Prodn & Sales Analysis'!K16 -> 433101.32 | L17: =F17/E17 -> 0.80335864 | M17: =I17/F17 -> 14.504631 | N17: =M17/129.39 -> 0.11210009 | O17: ='Jan 2025-Prodn & Sales Analysis'!O16 -> 2605.2923 | P17: =C17/O17*12 -> 171.06718 | Q17: =(K17*12/O17)/129.39 -> 15.417487
B18: Rose Espana Bi-Color | C18: ='Jan 2025-Prodn & Sales Analysis'!C19 -> 79831 | D18: ='Jan 2025-Prodn & Sales Analysis'!D19 -> 1144 | E18: ='Jan 2025-Prodn & Sales Analysis'!E19 -> 78687 | F18: ='Jan 2025-Prodn & Sales Analysis'!F19 -> 57022 | G18: ='Jan 2025-Prodn & Sales Analysis'!G19 -> 6800 | H18: ='Jan 2025-Prodn & Sales Analysis'!H19 -> 63822 | I18: ='Jan 2025-Prodn & Sales Analysis'!I19 -> 726413.39 | J18: ='Jan 2025-Prodn & Sales Analysis'!J19 -> 20517.25 | K18: ='Jan 2025-Prodn & Sales Analysis'!K19 -> 746930.64 | L18: =(F18+F19+F20)/(C18+C19+C20) -> 0.68916744 | M18: =I18/F18 -> 12.739178 | N18: =M18/129.39 -> 0.098455659 | O18: ='Jan 2025-Prodn & Sales Analysis'!O19 -> 5302.1538 | P18: =C18/O18*12 -> 180.67601 | Q18: =(K18+K19+K20)*12/(O18+O19+O20)/129.39 -> 13.139556
B19: Rose Copacabana Orange | C19: ='Jan 2025-Prodn & Sales Analysis'!C18 -> 66101 | D19: ='Jan 2025-Prodn & Sales Analysis'!D18 -> 2126 | E19: ='Jan 2025-Prodn & Sales Analysis'!E18 -> 63975 | F19: ='Jan 2025-Prodn & Sales Analysis'!F18 -> 46515 | G19: ='Jan 2025-Prodn & Sales Analysis'!G18 -> 12780 | H19: ='Jan 2025-Prodn & Sales Analysis'!H18 -> 59295 | I19: ='Jan 2025-Prodn & Sales Analysis'!I18 -> 735273 | J19: ='Jan 2025-Prodn & Sales Analysis'!J18 -> 38560.35 | K19: ='Jan 2025-Prodn & Sales Analysis'!K18 -> 773833.35 | M19: =I19/F19 -> 15.807223 | N19: =M19/129.39 -> 0.12216727 | O19: ='Jan 2025-Prodn & Sales Analysis'!O18 -> 5173.3662 | P19: =C19/O19*12 -> 153.32609
B20: Rose Confidential | C20: ='Jan 2025-Prodn & Sales Analysis'!C20 -> 59098 | D20: ='Jan 2025-Prodn & Sales Analysis'!D20 -> 1970 | E20: ='Jan 2025-Prodn & Sales Analysis'!E20 -> 57128 | F20: ='Jan 2025-Prodn & Sales Analysis'!F20 -> 37763 | G20: ='Jan 2025-Prodn & Sales Analysis'!G20 -> 22260 | H20: ='Jan 2025-Prodn & Sales Analysis'!H20 -> 60023 | I20: ='Jan 2025-Prodn & Sales Analysis'!I20 -> 599283.26 | J20: ='Jan 2025-Prodn & Sales Analysis'!J20 -> 67163.79 | K20: ='Jan 2025-Prodn & Sales Analysis'!K20 -> 666447.05 | M20: =I20/F20 -> 15.869588 | N20: =M20/129.39 -> 0.12264926 | O20: ='Jan 2025-Prodn & Sales Analysis'!O20 -> 4962.4615 | P20: =C20/O20*12 -> 142.90811
B21: Rose Indigo | C21: ='Jan 2025-Prodn & Sales Analysis'!C21 -> 40873 | D21: ='Jan 2025-Prodn & Sales Analysis'!D21 -> 1093 | E21: ='Jan 2025-Prodn & Sales Analysis'!E21 -> 39780 | F21: ='Jan 2025-Prodn & Sales Analysis'!F21 -> 22400 | G21: ='Jan 2025-Prodn & Sales Analysis'!G21 -> 3440 | H21: ='Jan 2025-Prodn & Sales Analysis'!H21 -> 25840 | I21: ='Jan 2025-Prodn & Sales Analysis'!I21 -> 301687.06 | J21: ='Jan 2025-Prodn & Sales Analysis'!J21 -> 10446.91 | K21: ='Jan 2025-Prodn & Sales Analysis'!K21 -> 312133.97 | L21: =F21/E21 -> 0.56309703 | M21: =I21/F21 -> 13.468172 | N21: =M21/129.39 -> 0.10408975 | O21: ='Jan 2025-Prodn & Sales Analysis'!O21 -> 2357.1692 | P21: =C21/O21*12 -> 208.0784 | Q21: =(K21*12/O21)/129.39 -> 12.280917
B22: SUB TOTAL | C22: =SUM(C6:C21) -> 1430948 | D22: =SUM(D6:D21) -> 24010 | E22: =SUM(E6:E21) -> 1406938 | F22: =SUM(F6:F21) -> 1142380 | G22: =SUM(G6:G21) -> 132760 | H22: =SUM(H6:H21) -> 1275140 | I22: =SUM(I6:I21) -> 20633715 | J22: =SUM(J6:J21) -> 399333.21 | K22: =SUM(K6:K21) -> 21033049 | L22: =F22/E22 -> 0.81196186 | M22: =I22/F22 -> 18.062042 | N22: =M22/129.39 -> 0.1395938 | O22: =SUM(O6:O21) -> 86952.369 | P22: =C22/O22*12 -> 197.48025 | Q22: =(K22*12/O22)/129.39 -> 22.433722
B23: % | D23: =D22/C22 -> 0.016779086 | E23: =E22/C22 -> 0.98322091
B24: SPRAY ROSES
B25: Spray Rose Mirabel | C25: ='Jan 2025-Prodn & Sales Analysis'!C26 -> 71685 | D25: ='Jan 2025-Prodn & Sales Analysis'!D26 -> 1026 | E25: ='Jan 2025-Prodn & Sales Analysis'!E26 -> 70659 | F25: ='Jan 2025-Prodn & Sales Analysis'!F26 -> 62050 | G25: ='Jan 2025-Prodn & Sales Analysis'!G26 -> 120 | H25: ='Jan 2025-Prodn & Sales Analysis'!H26 -> 62170 | I25: ='Jan 2025-Prodn & Sales Analysis'!I26 -> 2958006 | J25: ='Jan 2025-Prodn & Sales Analysis'!J26 -> 413.79 | K25: ='Jan 2025-Prodn & Sales Analysis'!K26 -> 2958419.8 | L25: =(F25+F26)/(E25+E26) -> 0.87377201 | M25: =I25/F25 -> 47.671329 | N25: =M25/129.39 -> 0.36843132 | O25: ='Jan 2025-Prodn & Sales Analysis'!O26 -> 8436.1846 | P25: =C25/O25*12 -> 101.9679 | Q25: =(K25+K26)*12/(O25+O26)/129.39 -> 30.309861
B26: Spray Rose Dominica | C26: ='Jan 2025-Prodn & Sales Analysis'!C37 -> 13815 | D26: ='Jan 2025-Prodn & Sales Analysis'!D37 -> 190 | E26: ='Jan 2025-Prodn & Sales Analysis'!E37 -> 13625 | F26: ='Jan 2025-Prodn & Sales Analysis'!F37 -> 11595 | G26: ='Jan 2025-Prodn & Sales Analysis'!G37 -> 120 | H26: ='Jan 2025-Prodn & Sales Analysis'!H37 -> 11715 | I26: ='Jan 2025-Prodn & Sales Analysis'!I37 -> 568608.05 | J26: ='Jan 2025-Prodn & Sales Analysis'!J37 -> 413.79 | K26: ='Jan 2025-Prodn & Sales Analysis'!K37 -> 569021.84 | M26: =I26/F26 -> 49.039073 | N26: =M26/129.39 -> 0.37900203 | O26: ='Jan 2025-Prodn & Sales Analysis'!O37 -> 2357.1692 | P26: =C26/O26*12 -> 70.330122
B27: Spray Rose Eileen | C27: ='Jan 2025-Prodn & Sales Analysis'!C31 -> 26052 | D27: ='Jan 2025-Prodn & Sales Analysis'!D31 -> 217 | E27: ='Jan 2025-Prodn & Sales Analysis'!E31 -> 25835 | F27: ='Jan 2025-Prodn & Sales Analysis'!F31 -> 24240 | G27: ='Jan 2025-Prodn & Sales Analysis'!G31 -> 360 | H27: ='Jan 2025-Prodn & Sales Analysis'!H31 -> 24600 | I27: ='Jan 2025-Prodn & Sales Analysis'!I31 -> 839574.91 | J27: ='Jan 2025-Prodn & Sales Analysis'!J31 -> 1241.38 | K27: ='Jan 2025-Prodn & Sales Analysis'!K31 -> 840816.29 | L27: =(F27+F28)/(E27+E28) -> 0.86324021 | M27: =I27/F27 -> 34.635929 | N27: =M27/129.39 -> 0.26768629 | O27: ='Jan 2025-Prodn & Sales Analysis'!O31 -> 2605.2923 | P27: =C27/O27*12 -> 119.99575 | Q27: =(K27+K28)*12/(O27+O28)/129.39 -> 30.133543
B28: Spray Rose Odilia Pink | C28: ='Jan 2025-Prodn & Sales Analysis'!C30 -> 50790 | D28: ='Jan 2025-Prodn & Sales Analysis'!D30 -> 667 | E28: ='Jan 2025-Prodn & Sales Analysis'!E30 -> 50123 | F28: ='Jan 2025-Prodn & Sales Analysis'!F30 -> 41330 | G28: ='Jan 2025-Prodn & Sales Analysis'!G30 -> 9980 | H28: ='Jan 2025-Prodn & Sales Analysis'!H30 -> 51310 | I28: ='Jan 2025-Prodn & Sales Analysis'!I30 -> 1603800.8 | J28: ='Jan 2025-Prodn & Sales Analysis'!J30 -> 34413.78 | K28: ='Jan 2025-Prodn & Sales Analysis'!K30 -> 1638214.6 | M28: =I28/F28 -> 38.804763 | N28: =M28/129.39 -> 0.29990542 | O28: ='Jan 2025-Prodn & Sales Analysis'!O30 -> 5024.4923 | P28: =C28/O28*12 -> 121.30181
B29: Spray Rose Reflex Bicolour | C29: ='Jan 2025-Prodn & Sales Analysis'!C29 -> 72219 | D29: ='Jan 2025-Prodn & Sales Analysis'!D29 -> 417 | E29: ='Jan 2025-Prodn & Sales Analysis'!E29 -> 71802 | F29: ='Jan 2025-Prodn & Sales Analysis'!F29 -> 71700 | G29: ='Jan 2025-Prodn & Sales Analysis'!G29 -> 580 | H29: ='Jan 2025-Prodn & Sales Analysis'!H29 -> 72280 | I29: ='Jan 2025-Prodn & Sales Analysis'!I29 -> 2534161.6 | J29: ='Jan 2025-Prodn & Sales Analysis'!J29 -> 2000 | K29: ='Jan 2025-Prodn & Sales Analysis'!K29 -> 2536161.6 | L29: =(F29+F30)/(E29+E30) -> 0.98795812 | M29: =I29/F29 -> 35.343955 | N29: =M29/129.39 -> 0.27315832 | O29: ='Jan 2025-Prodn & Sales Analysis'!O29 -> 7381.6615 | P29: =C29/O29*12 -> 117.40284 | Q29: =(K29+K30)*12/(O29+O30)/129.39 -> 29.383716
B30: Spray Rose Fire Works Bi-Pink | C30: ='Jan 2025-Prodn & Sales Analysis'!C38 -> 16232 | D30: ='Jan 2025-Prodn & Sales Analysis'!D38 -> 257 | E30: ='Jan 2025-Prodn & Sales Analysis'!E38 -> 15975 | F30: ='Jan 2025-Prodn & Sales Analysis'!F38 -> 15020 | G30: ='Jan 2025-Prodn & Sales Analysis'!G38 -> 0 | H30: ='Jan 2025-Prodn & Sales Analysis'!H38 -> 15020 | I30: ='Jan 2025-Prodn & Sales Analysis'!I38 -> 588697.83 | J30: ='Jan 2025-Prodn & Sales Analysis'!J38 -> 0 | K30: ='Jan 2025-Prodn & Sales Analysis'!K38 -> 588697.83 | M30: =I30/F30 -> 39.194263 | N30: =M30/129.39 -> 0.3029157 | O30: ='Jan 2025-Prodn & Sales Analysis'!O38 -> 2481.2308 | P30: =C30/O30*12 -> 78.502976
B31: Spray Rose Lianne Pink | C31: ='Jan 2025-Prodn & Sales Analysis'!C27 -> 46727 | D31: ='Jan 2025-Prodn & Sales Analysis'!D27 -> 371 | E31: ='Jan 2025-Prodn & Sales Analysis'!E27 -> 46356 | F31: ='Jan 2025-Prodn & Sales Analysis'!F27 -> 47480 | G31: ='Jan 2025-Prodn & Sales Analysis'!G27 -> 600 | H31: ='Jan 2025-Prodn & Sales Analysis'!H27 -> 48080 | I31: ='Jan 2025-Prodn & Sales Analysis'!I27 -> 1756333.3 | J31: ='Jan 2025-Prodn & Sales Analysis'!J27 -> 2068.96 | K31: ='Jan 2025-Prodn & Sales Analysis'!K27 -> 1758402.3 | L31: =(F31+F32)/(E31+E32) -> 0.94169303 | M31: =I31/F31 -> 36.991014 | N31: =M31/129.39 -> 0.28588773 | O31: ='Jan 2025-Prodn & Sales Analysis'!O27 -> 5024.4923 | P31: =C31/O31*12 -> 111.59814 | Q31: =(K31+K32)*12/(O31+O32)/129.39 -> 29.086453
B32: Spray Rose Tessa | C32: ='Jan 2025-Prodn & Sales Analysis'!C35 -> 23215 | D32: ='Jan 2025-Prodn & Sales Analysis'!D35 -> 334 | E32: ='Jan 2025-Prodn & Sales Analysis'!E35 -> 22881 | F32: ='Jan 2025-Prodn & Sales Analysis'!F35 -> 17720 | G32: ='Jan 2025-Prodn & Sales Analysis'!G35 -> 1080 | H32: ='Jan 2025-Prodn & Sales Analysis'!H35 -> 18800 | I32: ='Jan 2025-Prodn & Sales Analysis'!I35 -> 650216.71 | J32: ='Jan 2025-Prodn & Sales Analysis'!J35 -> 3724.14 | K32: ='Jan 2025-Prodn & Sales Analysis'!K35 -> 653940.85 | M32: =I32/F32 -> 36.693945 | N32: =M32/129.39 -> 0.28359182 | O32: ='Jan 2025-Prodn & Sales Analysis'!O35 -> 2667.3231 | P32: =C32/O32*12 -> 104.44179
B33: Spray Rose Zadique | C33: ='Jan 2025-Prodn & Sales Analysis'!C47 -> 12932 | D33: ='Jan 2025-Prodn & Sales Analysis'!D47 -> 213 | E33: ='Jan 2025-Prodn & Sales Analysis'!E47 -> 12719 | F33: ='Jan 2025-Prodn & Sales Analysis'!F47 -> 12900 | G33: ='Jan 2025-Prodn & Sales Analysis'!G47 -> 600 | H33: ='Jan 2025-Prodn & Sales Analysis'!H47 -> 13500 | I33: ='Jan 2025-Prodn & Sales Analysis'!I47 -> 394463.91 | J33: ='Jan 2025-Prodn & Sales Analysis'!J47 -> 2068.97 | K33: ='Jan 2025-Prodn & Sales Analysis'!K47 -> 396532.88 | L33: =(F33+F34)/(E33+E34) -> 0.95933994 | M33: =I33/F33 -> 30.578598 | N33: =M33/129.39 -> 0.23632891 | O33: ='Jan 2025-Prodn & Sales Analysis'!O47 -> 2605.2923 | P33: =C33/O33*12 -> 59.564909 | Q33: =(K33+K34)*12/(O33+O34)/129.39 -> 21.436769
B34: Spray Rose Babe Orange | C34: ='Jan 2025-Prodn & Sales Analysis'!C32 -> 44074 | D34: ='Jan 2025-Prodn & Sales Analysis'!D32 -> 374 | E34: ='Jan 2025-Prodn & Sales Analysis'!E32 -> 43700 | F34: ='Jan 2025-Prodn & Sales Analysis'!F32 -> 41225 | G34: ='Jan 2025-Prodn & Sales Analysis'!G32 -> 240 | H34: ='Jan 2025-Prodn & Sales Analysis'!H32 -> 41465 | I34: ='Jan 2025-Prodn & Sales Analysis'!I32 -> 1394878.7 | J34: ='Jan 2025-Prodn & Sales Analysis'!J32 -> 827.58 | K34: ='Jan 2025-Prodn & Sales Analysis'!K32 -> 1395706.3 | M34: =I34/F34 -> 33.835748 | N34: =M34/129.39 -> 0.26150203 | O34: ='Jan 2025-Prodn & Sales Analysis'!O32 -> 5148.5538 | P34: =C34/O34*12 -> 102.72555
B35: Spray Rose Fancy | C35: ='Jan 2025-Prodn & Sales Analysis'!C36 -> 18672 | D35: ='Jan 2025-Prodn & Sales Analysis'!D36 -> 132 | E35: ='Jan 2025-Prodn & Sales Analysis'!E36 -> 18540 | F35: ='Jan 2025-Prodn & Sales Analysis'!F36 -> 15710 | G35: ='Jan 2025-Prodn & Sales Analysis'!G36 -> 120 | H35: ='Jan 2025-Prodn & Sales Analysis'!H36 -> 15830 | I35: ='Jan 2025-Prodn & Sales Analysis'!I36 -> 568844.45 | J35: ='Jan 2025-Prodn & Sales Analysis'!J36 -> 413.79 | K35: ='Jan 2025-Prodn & Sales Analysis'!K36 -> 569258.24 | L35: =(F35+F36+F37+F38)/(E35+E36+E37+E38) -> 0.89133769 | M35: =I35/F35 -> 36.209067 | N35: =M35/129.39 -> 0.2798444 | O35: ='Jan 2025-Prodn & Sales Analysis'!O36 -> 2357.1692 | P35: =C35/O35*12 -> 95.056391 | Q35: =(K35+K36+K37+K38)*12/(O35+O36+O37+O38)/129.39 -> 20.552252
B36: Spray Rose Dinara | C36: ='Jan 2025-Prodn & Sales Analysis'!C41 -> 17268 | D36: ='Jan 2025-Prodn & Sales Analysis'!D41 -> 421 | E36: ='Jan 2025-Prodn & Sales Analysis'!E41 -> 16847 | F36: ='Jan 2025-Prodn & Sales Analysis'!F41 -> 19940 | G36: ='Jan 2025-Prodn & Sales Analysis'!G41 -> 120 | H36: ='Jan 2025-Prodn & Sales Analysis'!H41 -> 20060 | I36: ='Jan 2025-Prodn & Sales Analysis'!I41 -> 709630.66 | J36: ='Jan 2025-Prodn & Sales Analysis'!J41 -> 413.79 | K36: ='Jan 2025-Prodn & Sales Analysis'!K41 -> 710044.45 | M36: =I36/F36 -> 35.588298 | N36: =M36/129.39 -> 0.27504674 | O36: ='Jan 2025-Prodn & Sales Analysis'!O41 -> 3225.6 | P36: =C36/O36*12 -> 64.241071
B37: Spray Rose Good Mood | C37: ='Jan 2025-Prodn & Sales Analysis'!C34 -> 33823 | D37: ='Jan 2025-Prodn & Sales Analysis'!D34 -> 1220 | E37: ='Jan 2025-Prodn & Sales Analysis'!E34 -> 32603 | F37: ='Jan 2025-Prodn & Sales Analysis'!F34 -> 34850 | G37: ='Jan 2025-Prodn & Sales Analysis'!G34 -> 240 | H37: ='Jan 2025-Prodn & Sales Analysis'!H34 -> 35090 | I37: ='Jan 2025-Prodn & Sales Analysis'!I34 -> 1306134 | J37: ='Jan 2025-Prodn & Sales Analysis'!J34 -> 827.58 | K37: ='Jan 2025-Prodn & Sales Analysis'!K34 -> 1306961.6 | M37: =I37/F37 -> 37.478739 | N37: =M37/129.39 -> 0.28965715 | O37: ='Jan 2025-Prodn & Sales Analysis'!O34 -> 5027.4462 | P37: =C37/O37*12 -> 80.732043
B38: Spray Rose Sweet Blossoms | C38: ='Jan 2025-Prodn & Sales Analysis'!C48 -> 20267 | D38: ='Jan 2025-Prodn & Sales Analysis'!D48 -> 232 | E38: ='Jan 2025-Prodn & Sales Analysis'!E48 -> 20035 | F38: ='Jan 2025-Prodn & Sales Analysis'!F48 -> 7960 | G38: ='Jan 2025-Prodn & Sales Analysis'!G48 -> 4420 | H38: ='Jan 2025-Prodn & Sales Analysis'!H48 -> 12380 | I38: ='Jan 2025-Prodn & Sales Analysis'!I48 -> 299619.7 | J38: ='Jan 2025-Prodn & Sales Analysis'!J48 -> 15241.37 | K38: ='Jan 2025-Prodn & Sales Analysis'!K48 -> 314861.07 | M38: =I38/F38 -> 37.640666 | N38: =M38/129.39 -> 0.29090862 | O38: ='Jan 2025-Prodn & Sales Analysis'!O48 -> 2481.2308 | P38: =C38/O38*12 -> 98.017485
B39: Spray Rose Royal Porcelina Cream | C39: ='Jan 2025-Prodn & Sales Analysis'!C44 -> 32560 | D39: ='Jan 2025-Prodn & Sales Analysis'!D44 -> 243 | E39: ='Jan 2025-Prodn & Sales Analysis'!E44 -> 32317 | F39: ='Jan 2025-Prodn & Sales Analysis'!F44 -> 21090 | G39: ='Jan 2025-Prodn & Sales Analysis'!G44 -> 6920 | H39: ='Jan 2025-Prodn & Sales Analysis'!H44 -> 28010 | I39: ='Jan 2025-Prodn & Sales Analysis'!I44 -> 839447.71 | J39: ='Jan 2025-Prodn & Sales Analysis'!J44 -> 23862.06 | K39: ='Jan 2025-Prodn & Sales Analysis'!K44 -> 863309.77 | L39: =(F39+F40)/(E39+E40) -> 0.79611689 | M39: =I39/F39 -> 39.803116 | N39: =M39/129.39 -> 0.30762127 | O39: ='Jan 2025-Prodn & Sales Analysis'!O44 -> 4652.3077 | P39: =C39/O39*12 -> 83.984127 | Q39: =(K39+K40)*12/(O39+O40)/129.39 -> 19.720639
B40: Spray Rose Sweet Sara | C40: ='Jan 2025-Prodn & Sales Analysis'!C33 -> 19077 | D40: ='Jan 2025-Prodn & Sales Analysis'!D33 -> 610 | E40: ='Jan 2025-Prodn & Sales Analysis'!E33 -> 18467 | F40: ='Jan 2025-Prodn & Sales Analysis'!F33 -> 19340 | G40: ='Jan 2025-Prodn & Sales Analysis'!G33 -> 0 | H40: ='Jan 2025-Prodn & Sales Analysis'!H33 -> 19340 | I40: ='Jan 2025-Prodn & Sales Analysis'!I33 -> 679930.28 | J40: ='Jan 2025-Prodn & Sales Analysis'!J33 -> 0 | K40: ='Jan 2025-Prodn & Sales Analysis'!K33 -> 679930.28 | M40: =I40/F40 -> 35.156685 | N40: =M40/129.39 -> 0.27171099 | O40: ='Jan 2025-Prodn & Sales Analysis'!O33 -> 2605.2923 | P40: =C40/O40*12 -> 87.868835
B41: Spray Rose Leila Pink | C41: ='Jan 2025-Prodn & Sales Analysis'!C40 -> 11207 | D41: ='Jan 2025-Prodn & Sales Analysis'!D40 -> 144 | E41: ='Jan 2025-Prodn & Sales Analysis'!E40 -> 11063 | F41: ='Jan 2025-Prodn & Sales Analysis'!F40 -> 11390 | G41: ='Jan 2025-Prodn & Sales Analysis'!G40 -> 0 | H41: ='Jan 2025-Prodn & Sales Analysis'!H40 -> 11390 | I41: ='Jan 2025-Prodn & Sales Analysis'!I40 -> 385336.66 | J41: ='Jan 2025-Prodn & Sales Analysis'!J40 -> 0 | K41: ='Jan 2025-Prodn & Sales Analysis'!K40 -> 385336.66 | L41: =(F41+F42)/(E41+E42) -> 0.94325932 | M41: =I41/F41 -> 33.831138 | N41: =M41/129.39 -> 0.2614664 | O41: ='Jan 2025-Prodn & Sales Analysis'!O40 -> 1736.8615 | P41: =C41/O41*12 -> 77.429315 | Q41: =(K41+K42)*12/(O41+O42)/129.39 -> 19.596561
B42: Spray Rose Silver Shadow | C42: ='Jan 2025-Prodn & Sales Analysis'!C43 -> 16742 | D42: ='Jan 2025-Prodn & Sales Analysis'!D43 -> 241 | E42: ='Jan 2025-Prodn & Sales Analysis'!E43 -> 16501 | F42: ='Jan 2025-Prodn & Sales Analysis'!F43 -> 14610 | G42: ='Jan 2025-Prodn & Sales Analysis'!G43 -> 0 | H42: ='Jan 2025-Prodn & Sales Analysis'!H43 -> 14610 | I42: ='Jan 2025-Prodn & Sales Analysis'!I43 -> 505945.89 | J42: ='Jan 2025-Prodn & Sales Analysis'!J43 -> 0 | K42: ='Jan 2025-Prodn & Sales Analysis'!K43 -> 505945.89 | M42: =I42/F42 -> 34.630109 | N42: =M42/129.39 -> 0.26764131 | O42: ='Jan 2025-Prodn & Sales Analysis'!O43 -> 2481.2308 | P42: =C42/O42*12 -> 80.969494
B43: Spray Rose Cheyenne | C43: ='Jan 2025-Prodn & Sales Analysis'!C42 -> 13905 | D43: ='Jan 2025-Prodn & Sales Analysis'!D42 -> 133 | E43: ='Jan 2025-Prodn & Sales Analysis'!E42 -> 13772 | F43: ='Jan 2025-Prodn & Sales Analysis'!F42 -> 13190 | G43: ='Jan 2025-Prodn & Sales Analysis'!G42 -> 0 | H43: ='Jan 2025-Prodn & Sales Analysis'!H42 -> 13190 | I43: ='Jan 2025-Prodn & Sales Analysis'!I42 -> 519767 | J43: ='Jan 2025-Prodn & Sales Analysis'!J42 -> 0 | K43: ='Jan 2025-Prodn & Sales Analysis'!K42 -> 519767 | L43: =F43/E43 -> 0.95774034 | M43: =I43/F43 -> 39.406141 | N43: =M43/129.39 -> 0.30455322 | O43: ='Jan 2025-Prodn & Sales Analysis'!O42 -> 2481.2308 | P43: =C43/O43*12 -> 67.248884 | Q43: =(K43)*12/(O43)/129.39 -> 19.427731
B44: Spray Rose Marisa Yellow | C44: ='Jan 2025-Prodn & Sales Analysis'!C28 -> 19767 | D44: ='Jan 2025-Prodn & Sales Analysis'!D28 -> 328 | E44: ='Jan 2025-Prodn & Sales Analysis'!E28 -> 19439 | F44: ='Jan 2025-Prodn & Sales Analysis'!F28 -> 27430 | G44: ='Jan 2025-Prodn & Sales Analysis'!G28 -> 240 | H44: ='Jan 2025-Prodn & Sales Analysis'!H28 -> 27670 | I44: ='Jan 2025-Prodn & Sales Analysis'!I28 -> 924502.37 | J44: ='Jan 2025-Prodn & Sales Analysis'!J28 -> 827.58 | K44: ='Jan 2025-Prodn & Sales Analysis'!K28 -> 925329.95 | L44: =(F44+F45+F46)/(C44+C45+C46) -> 0.88373459 | M44: =I44/F44 -> 33.70406 | N44: =M44/129.39 -> 0.26048427 | O44: ='Jan 2025-Prodn & Sales Analysis'!O28 -> 2667.3231 | P44: =C44/O44*12 -> 88.92961 | Q44: =(K44+K45+K46)*12/(O44+O45+O46)/129.39 -> 18.992154
B45: Spray Rose Yellow Babe | C45: ='Jan 2025-Prodn & Sales Analysis'!C45 -> 16394 | D45: ='Jan 2025-Prodn & Sales Analysis'!D45 -> 253 | E45: ='Jan 2025-Prodn & Sales Analysis'!E45 -> 16141 | F45: ='Jan 2025-Prodn & Sales Analysis'!F45 -> 14800 | G45: ='Jan 2025-Prodn & Sales Analysis'!G45 -> 120 | H45: ='Jan 2025-Prodn & Sales Analysis'!H45 -> 14920 | I45: ='Jan 2025-Prodn & Sales Analysis'!I45 -> 495182.4 | J45: ='Jan 2025-Prodn & Sales Analysis'!J45 -> 413.79 | K45: ='Jan 2025-Prodn & Sales Analysis'!K45 -> 495596.19 | M45: =I45/F45 -> 33.45827 | N45: =M45/129.39 -> 0.25858467 | O45: ='Jan 2025-Prodn & Sales Analysis'!O45 -> 2788.4308 | P45: =C45/O45*12 -> 70.55151
B46: Spray Rose Tarantella Yellow | C46: ='Jan 2025-Prodn & Sales Analysis'!C51 -> 18335 | D46: ='Jan 2025-Prodn & Sales Analysis'!D51 -> 201 | E46: ='Jan 2025-Prodn & Sales Analysis'!E51 -> 18134 | F46: ='Jan 2025-Prodn & Sales Analysis'!F51 -> 5930 | G46: ='Jan 2025-Prodn & Sales Analysis'!G51 -> 0 | H46: ='Jan 2025-Prodn & Sales Analysis'!H51 -> 5930 | I46: ='Jan 2025-Prodn & Sales Analysis'!I51 -> 204432.55 | J46: ='Jan 2025-Prodn & Sales Analysis'!J51 -> 0 | K46: ='Jan 2025-Prodn & Sales Analysis'!K51 -> 204432.55 | M46: =I46/F46 -> 34.474292 | N46: =M46/129.39 -> 0.26643706 | O46: ='Jan 2025-Prodn & Sales Analysis'!O51 -> 2481.2308 | P46: =C46/O46*12 -> 88.673735
B47: Spray Rose Salinero | C47: ='Jan 2025-Prodn & Sales Analysis'!C39 -> 41838 | D47: ='Jan 2025-Prodn & Sales Analysis'!D39 -> 310 | E47: ='Jan 2025-Prodn & Sales Analysis'!E39 -> 41528 | F47: ='Jan 2025-Prodn & Sales Analysis'!F39 -> 32750 | G47: ='Jan 2025-Prodn & Sales Analysis'!G39 -> 720 | H47: ='Jan 2025-Prodn & Sales Analysis'!H39 -> 33470 | I47: ='Jan 2025-Prodn & Sales Analysis'!I39 -> 1191871.1 | J47: ='Jan 2025-Prodn & Sales Analysis'!J39 -> 2482.75 | K47: ='Jan 2025-Prodn & Sales Analysis'!K39 -> 1194353.9 | L47: =(F47+F48)/(E47+E48) -> 0.63692438 | M47: =I47/F47 -> 36.393012 | N47: =M47/129.39 -> 0.28126603 | O47: ='Jan 2025-Prodn & Sales Analysis'!O39 -> 5055.5077 | P47: =C47/O47*12 -> 99.30872 | Q47: =(K47+K48)*12/(O47+O48)/129.39 -> 17.906138
B48: Spray Rose Trinity Cream Yellow | C48: ='Jan 2025-Prodn & Sales Analysis'!C50 -> 17803 | D48: ='Jan 2025-Prodn & Sales Analysis'!D50 -> 156 | E48: ='Jan 2025-Prodn & Sales Analysis'!E50 -> 17647 | F48: ='Jan 2025-Prodn & Sales Analysis'!F50 -> 4940 | G48: ='Jan 2025-Prodn & Sales Analysis'!G50 -> 10620 | H48: ='Jan 2025-Prodn & Sales Analysis'!H50 -> 15560 | I48: ='Jan 2025-Prodn & Sales Analysis'!I50 -> 224165.62 | J48: ='Jan 2025-Prodn & Sales Analysis'!J50 -> 36620.69 | K48: ='Jan 2025-Prodn & Sales Analysis'!K50 -> 260786.31 | M48: =I48/F48 -> 45.377656 | N48: =M48/129.39 -> 0.3507045 | O48: ='Jan 2025-Prodn & Sales Analysis'!O50 -> 2481.2308 | P48: =C48/O48*12 -> 86.100818
B49: Spray Rose Snowflake White | C49: ='Jan 2025-Prodn & Sales Analysis'!C25 -> 52420 | D49: ='Jan 2025-Prodn & Sales Analysis'!D25 -> 705 | E49: ='Jan 2025-Prodn & Sales Analysis'!E25 -> 51715 | F49: ='Jan 2025-Prodn & Sales Analysis'!F25 -> 61000 | G49: ='Jan 2025-Prodn & Sales Analysis'!G25 -> 480 | H49: ='Jan 2025-Prodn & Sales Analysis'!H25 -> 61480 | I49: ='Jan 2025-Prodn & Sales Analysis'!I25 -> 2321796.4 | J49: ='Jan 2025-Prodn & Sales Analysis'!J25 -> 1655.16 | K49: ='Jan 2025-Prodn & Sales Analysis'!K25 -> 2323451.5 | L49: =(F49+F50+F51+F52)/(E49+E50+E51+E52) -> 0.78264586 | M49: =I49/F49 -> 38.062235 | N49: =M49/129.39 -> 0.29416675 | O49: ='Jan 2025-Prodn & Sales Analysis'!O25 -> 5210.5846 | P49: =C49/O49*12 -> 120.7235 | Q49: =(K49+K50+K51+K52)*12/(O49+O50+O51+O52)/129.39 -> 17.334067
B50: Spray Rose Jalita | C50: ='Jan 2025-Prodn & Sales Analysis'!C52 -> 25543 | D50: ='Jan 2025-Prodn & Sales Analysis'!D52 -> 490 | E50: ='Jan 2025-Prodn & Sales Analysis'!E52 -> 25053 | F50: ='Jan 2025-Prodn & Sales Analysis'!F52 -> 10780 | G50: ='Jan 2025-Prodn & Sales Analysis'!G52 -> 600 | H50: ='Jan 2025-Prodn & Sales Analysis'!H52 -> 11380 | I50: ='Jan 2025-Prodn & Sales Analysis'!I52 -> 348793.17 | J50: ='Jan 2025-Prodn & Sales Analysis'!J52 -> 2068.96 | K50: ='Jan 2025-Prodn & Sales Analysis'!K52 -> 350862.13 | M50: =I50/F50 -> 32.355582 | N50: =M50/129.39 -> 0.25006246 | O50: ='Jan 2025-Prodn & Sales Analysis'!O52 -> 4993.4769 | P50: =C50/O50*12 -> 61.383282
B51: Spray Rose Wedding Party | C51: ='Jan 2025-Prodn & Sales Analysis'!C53 -> 23429 | D51: ='Jan 2025-Prodn & Sales Analysis'!D53 -> 618 | E51: ='Jan 2025-Prodn & Sales Analysis'!E53 -> 22811 | F51: ='Jan 2025-Prodn & Sales Analysis'!F53 -> 10770 | G51: ='Jan 2025-Prodn & Sales Analysis'!G53 -> 1040 | H51: ='Jan 2025-Prodn & Sales Analysis'!H53 -> 11810 | I51: ='Jan 2025-Prodn & Sales Analysis'!I53 -> 331993.67 | J51: ='Jan 2025-Prodn & Sales Analysis'!J53 -> 3586.2 | K51: ='Jan 2025-Prodn & Sales Analysis'!K53 -> 335579.87 | M51: =I51/F51 -> 30.825782 | N51: =M51/129.39 -> 0.23823929 | O51: ='Jan 2025-Prodn & Sales Analysis'!O53 -> 5009.7231 | P51: =C51/O51*12 -> 56.120467
B52: Spray Rose Snow Bubble | C52: ='Jan 2025-Prodn & Sales Analysis'!C49 -> 17868 | D52: ='Jan 2025-Prodn & Sales Analysis'!D49 -> 472 | E52: ='Jan 2025-Prodn & Sales Analysis'!E49 -> 17396 | F52: ='Jan 2025-Prodn & Sales Analysis'!F49 -> 9000 | G52: ='Jan 2025-Prodn & Sales Analysis'!G49 -> 360 | H52: ='Jan 2025-Prodn & Sales Analysis'!H49 -> 9360 | I52: ='Jan 2025-Prodn & Sales Analysis'!I49 -> 296144.5 | J52: ='Jan 2025-Prodn & Sales Analysis'!J49 -> 1241.38 | K52: ='Jan 2025-Prodn & Sales Analysis'!K49 -> 297385.88 | M52: =I52/F52 -> 32.904944 | N52: =M52/129.39 -> 0.25430825 | O52: ='Jan 2025-Prodn & Sales Analysis'!O49 -> 2481.2308 | P52: =C52/O52*12 -> 86.415179
B53: Spray Rose Azore | C53: ='Jan 2025-Prodn & Sales Analysis'!C46 -> 18581 | D53: ='Jan 2025-Prodn & Sales Analysis'!D46 -> 704 | E53: ='Jan 2025-Prodn & Sales Analysis'!E46 -> 17877 | F53: ='Jan 2025-Prodn & Sales Analysis'!F46 -> 13520 | G53: ='Jan 2025-Prodn & Sales Analysis'!G46 -> 240 | H53: ='Jan 2025-Prodn & Sales Analysis'!H46 -> 13760 | I53: ='Jan 2025-Prodn & Sales Analysis'!I46 -> 471782.16 | J53: ='Jan 2025-Prodn & Sales Analysis'!J46 -> 827.58 | K53: ='Jan 2025-Prodn & Sales Analysis'!K46 -> 472609.74 | L53: =F53/E53 -> 0.75627902 | M53: =I53/F53 -> 34.89513 | N53: =M53/129.39 -> 0.26968954 | O53: ='Jan 2025-Prodn & Sales Analysis'!O46 -> 3039.5077 | P53: =C53/O53*12 -> 73.357932 | Q53: =(K53*12/O53)/129.39 -> 14.420488
B54: SUB TOTAL | C54: =SUM(C25:C53) -> 813240 | D54: =SUM(D25:D53) -> 11679 | E54: =SUM(E25:E53) -> 801561 | F54: =SUM(F25:F53) -> 694260 | G54: =SUM(G25:G53) -> 39920 | H54: =SUM(H25:H53) -> 734180 | I54: =SUM(I25:I53) -> 25914062 | J54: =SUM(J25:J53) -> 137655.07 | K54: =SUM(K25:K53) -> 26051717 | L54: =F54/E54 -> 0.86613495 | M54: =I54/F54 -> 37.326163 | N54: =M54/129.39 -> 0.28847796 | O54: =SUM(O25:O53) -> 106988.31 | P54: =(C54/O54)*12 -> 91.214453 | Q54: =(K54*12/O54)/129.39 -> 22.582945
B55: % | D55: =D54/C54 -> 0.014361074 | E55: =E54/C54 -> 0.98563893
B57: GRAND TOTAL | C57: =C22+C54 -> 2244188 | D57: =D22+D54 -> 35689 | E57: =E22+E54 -> 2208499 | F57: =F22+F54 -> 1836640 | G57: =G22+G54 -> 172680 | H57: =H22+H54 -> 2009320 | I57: =I22+I54 -> 46547777 | J57: =J22+J54 -> 536988.28 | K57: =K22+K54 -> 47084766 | L57: =F57/E57 -> 0.83162365 | M57: =I57/F57 -> 25.343985 | N57: =M57/129.39 -> 0.19587283 | O57: =O54+O22 -> 193940.68 | P57: =(C57/O57)*12 -> 138.85821 | Q57: =(K57*12/O57)/129.39 -> 22.516041
B58: % | D58: =D57/C57 -> 0.015902857 | E58: =E57/C57 -> 0.98409714
B60: Notes
A61: 1 | B61: Ranked by Revenue / SQM

Sheet Feb 2025 -Prodn& Sales Analysis
B1: ZEEFLORA LIMITED
B2: PERFORMANCE PER VARIETY ANALYSIS
B3: 45716
B4: Description | C4: Production -Qty | D4: Rejection | E4: Sellable / Available for Sale | F4: Sales - Qty Export | G4: Sales - Qty Local | H4: Total Sales - Qty | I4: Export Sales -KES | J4: Local Sales KES | K4: Total Sales- KES | L4: % Export Sales | M4: Average Export Price KES | N4: Average Export Price USD | O4: Area SQM | P4: Production Per SQM | Q4: Revenue / SQM- USD
B5: STANDARD ROSES
B6: Rose Madam Red | C6: 105693 | D6: 651 | E6: =C6-D6 -> 105042 | F6: 136996 | G6: 480 | H6: =F6+G6 -> 137476 | I6: 4232224.8 | J6: 1448.28 | K6: =I6+J6 -> 4233673.1 | L6: =F6/E6 -> 1.3042021 | M6: =I6/F6 -> 30.893054 | N6: =M6/129.3029 -> 0.23892004 | O6: 8374.1538 | P6: =C6/O6*12 -> 151.45602 | Q6: =(K6*12/O6)/129.3029 -> 46.919066
B7: Rose Kamala Red | C7: 137469 | D7: 790 | E7: =C7-D7 -> 136679 | F7: 146832 | G7: 7280 | H7: =F7+G7 -> 154112 | I7: 4537885 | J7: 74706.91 | K7: =I7+J7 -> 4612591.9 | L7: =F7/E7 -> 1.0742835 | M7: =I7/F7 -> 30.905286 | N7: =M7/129.3029 -> 0.23901464 | O7: 10048.985 | P7: =C7/O7*12 -> 164.15868 | Q7: =(K7*12/O7)/129.3029 -> 42.598649
B8: Rose Ace Cerise | C8: 70724 | D8: 1041 | E8: =C8-D8 -> 69683 | F8: 62146 | G8: 5900 | H8: =F8+G8 -> 68046 | I8: 1165098.1 | J8: 18836.21 | K8: =I8+J8 -> 1183934.3 | L8: =F8/E8 -> 0.89183876 | M8: =I8/F8 -> 18.747757 | N8: =M8/129.3029 -> 0.144991 | O8: 3349.6615 | P8: =C8/O8*12 -> 253.3653 | Q8: =(K8*12/O8)/129.3029 -> 32.80195
B9: Rose Madam Cerise | C9: 38310 | D9: 755 | E9: =C9-D9 -> 37555 | F9: 33306 | G9: 100 | H9: =F9+G9 -> 33406 | I9: 729754.14 | J9: 301.72 | K9: =I9+J9 -> 730055.86 | L9: =F9/E9 -> 0.88685927 | M9: =I9/F9 -> 21.910591 | N9: =M9/129.3029 -> 0.16945166 | O9: 2109.0462 | P9: =C9/O9*12 -> 217.97532 | Q9: =(K9*12/O9)/129.3029 -> 32.124989
B10: Rose Pegasso White | C10: 64760 | D10: 2249 | E10: =C10-D10 -> 62511 | F10: 60140 | G10: 15240 | H10: =F10+G10 -> 75380 | I10: 1544795.7 | J10: 47819.01 | K10: =I10+J10 -> 1592614.7 | L10: =F10/E10 -> 0.96207068 | M10: =I10/F10 -> 25.686659 | N10: =M10/129.3029 -> 0.19865493 | O10: 4962.4615 | P10: =C10/O10*12 -> 156.5997 | Q10: =(K10*12/O10)/129.3029 -> 29.784241
B11: Rose Jumilia Bicolour Pink | C11: 136880 | D11: 1285 | E11: =C11-D11 -> 135595 | F11: 142180 | G11: 4640 | H11: =F11+G11 -> 146820 | I11: 2634218.5 | J11: 14206.89 | K11: =I11+J11 -> 2648425.4 | L11: =F11/E11 -> 1.0485637 | M11: =I11/F11 -> 18.527349 | N11: =M11/129.3029 -> 0.14328642 | O11: 8684.3077 | P11: =C11/O11*12 -> 189.14116 | Q11: =(K11*12/O11)/129.3029 -> 28.302547
B12: Rose Trivia Pale Pink | C12: 97855 | D12: 691 | E12: =C12-D12 -> 97164 | F12: 95990 | G12: 1480 | H12: =F12+G12 -> 97470 | I12: 1542245.9 | J12: 4672.42 | K12: =I12+J12 -> 1546918.3 | L12: =F12/E12 -> 0.98791734 | M12: =I12/F12 -> 16.066735 | N12: =M12/129.3029 -> 0.12425657 | O12: 5334.6462 | P12: =C12/O12*12 -> 220.11957 | Q12: =(K12*12/O12)/129.3029 -> 26.911304
B13: Rose Athena White | C13: 173760 | D13: 2121 | E13: =C13-D13 -> 171639 | F13: 178886 | G13: 11260 | H13: =F13+G13 -> 190146 | I13: 2630888.1 | J13: 35810.34 | K13: =I13+J13 -> 2666698.4 | L13: =F13/E13 -> 1.0422223 | M13: =I13/F13 -> 14.707065 | N13: =M13/129.3029 -> 0.11374119 | O13: 10545.231 | P13: =C13/O13*12 -> 197.73109 | Q13: =(K13*12/O13)/129.3029 -> 23.468796
B14: Rose Celeb Salmon Pink | C14: 60710 | D14: 1122 | E14: =C14-D14 -> 59588 | F14: 58310 | G14: 1560 | H14: =F14+G14 -> 59870 | I14: 1219560.2 | J14: 4706.89 | K14: =I14+J14 -> 1224267.1 | L14: =F14/E14 -> 0.97855273 | M14: =I14/F14 -> 20.915113 | N14: =M14/129.3029 -> 0.16175285 | O14: 5371.8646 | P14: =C14/O14*12 -> 135.61771 | Q14: =(K14*12/O14)/129.3029 -> 21.150669
B15: Rose Espana Bi-Color | C15: 84656 | D15: 872 | E15: =C15-D15 -> 83784 | F15: 80564 | G15: 3160 | H15: =F15+G15 -> 83724 | I15: 1061007.9 | J15: 9534.5 | K15: =I15+J15 -> 1070542.4 | L15: =F15/E15 -> 0.96156784 | M15: =I15/F15 -> 13.169753 | N15: =M15/129.3029 -> 0.10185195 | O15: 5302.1538 | P15: =C15/O15*12 -> 191.5961 | Q15: =(K15*12/O15)/129.3029 -> 18.738057
B16: Rose Goldfinch | C16: 70675 | D16: 776 | E16: =C16-D16 -> 69899 | F16: 57584 | G16: 3220 | H16: =F16+G16 -> 60804 | I16: 940660.26 | J16: 9715.53 | K16: =I16+J16 -> 950375.79 | L16: =F16/E16 -> 0.82381722 | M16: =I16/F16 -> 16.335445 | N16: =M16/129.3029 -> 0.12633471 | O16: 4794.0923 | P16: =C16/O16*12 -> 176.90523 | Q16: =(K16*12/O16)/129.3029 -> 18.397633
B17: Rose Confidential | C17: 60082 | D17: 842 | E17: =C17-D17 -> 59240 | F17: 56124 | G17: 4340 | H17: =F17+G17 -> 60464 | I17: 857485.49 | J17: 13094.82 | K17: =I17+J17 -> 870580.31 | L17: =F17/E17 -> 0.94740041 | M17: =I17/F17 -> 15.27841 | N17: =M17/129.3029 -> 0.11815984 | O17: 4962.4615 | P17: =C17/O17*12 -> 145.28757 | Q17: =(K17*12/O17)/129.3029 -> 16.281135
... B19: Rose Copacabana Orange | C19: 61225 | D19: 969 | E19: =C19-D19 -> 60256 | F19: 52108 | G19: 3240 | H19: =F19+G19 -> 55348 | I19: 842366.24 | J19: 9775.88 | K19: =I19+J19 -> 852142.12 | L19: =F19/E19 -> 0.86477695 | M19: =I19/F19 -> 16.165776 | N19: =M19/129.3029 -> 0.12502253 | O19: 5173.3662 | P19: =C19/O19*12 -> 142.01585 | Q19: =(K19*12/O19)/129.3029 -> 15.286631
B20: Rose Moonwalk Yellow | C20: 27130 | D20: 587 | E20: =C20-D20 -> 26543 | F20: 27318 | G20: 640 | H20: =F20+G20 -> 27958 | I20: 418574.05 | J20: 1931.04 | K20: =I20+J20 -> 420505.09 | L20: =F20/E20 -> 1.0291979 | M20: =I20/F20 -> 15.32228 | N20: =M20/129.3029 -> 0.11849912 | O20: 2977.4769 | P20: =C20/O20*12 -> 109.3409 | Q20: =(K20*12/O20)/129.3029 -> 13.106775 | R20: To Replace
B21: Rose Tiger | C21: 26607 | D21: 591 | E21: =C21-D21 -> 26016 | F21: 20035 | G21: 940 | H21: =F21+G21 -> 20975 | I21: 299096.01 | J21: 2836.21 | K21: =I21+J21 -> 301932.22 | L21: =F21/E21 -> 0.77010301 | M21: =I21/F21 -> 14.928675 | N21: =M21/129.3029 -> 0.11545507 | O21: 2605.2923 | P21: =C21/O21*12 -> 122.55208 | Q21: =(K21*12/O21)/129.3029 -> 10.755386
B22: SUB TOTAL | C22: =SUM(C6:C21) -> 1256796 | D22: =SUM(D6:D21) -> 16428 | E22: =SUM(E6:E21) -> 1240368 | F22: =SUM(F6:F21) -> 1236069 | G22: =SUM(G6:G21) -> 67200 | H22: =SUM(H6:H21) -> 1303269 | I22: =SUM(I6:I21) -> 25050071 | J22: =SUM(J6:J21) -> 260620.8 | K22: =SUM(K6:K21) -> 25310692 | L22: =F22/E22 -> 0.99653409 | M22: =I22/F22 -> 20.265917 | N22: =M22/129.3029 -> 0.15673211 | O22: =SUM(O6:O21) -> 86952.369 | P22: =C22/O22*12 -> 173.44613 | Q22: =(K22*12/O22)/129.3029 -> 27.014416
B23: % | D23: =D22/C22 -> 0.013071334 | E23: =E22/C22 -> 0.98692867
B24: SPRAY ROSES
B25: Spray Rose Mirabel | C25: 75777 | D25: 882 | E25: =C25-D25 -> 74895 | F25: 75430 | G25: 6240 | H25: =F25+G25 -> 81670 | I25: 3634112.9 | J25: 64551.74 | K25: =I25+J25 -> 3698664.6 | L25: =F25/E25 -> 1.0071433 | M25: =I25/F25 -> 48.178615 | N25: =M25/129.3029 -> 0.37260274 | O25: 8436.1846 | P25: =C25/O25*12 -> 107.78854 | Q25: =(K25*12/O25)/129.3029 -> 40.688517
B26: Spray Rose Dominica | C26: 17052 | D26: 347 | E26: =C26-D26 -> 16705 | F26: 17380 | G26: 980 | H26: =F26+G26 -> 18360 | I26: 1017713.9 | J26: 11931.04 | K26: =I26+J26 -> 1029645 | L26: =F26/E26 -> 1.0404071 | M26: =I26/F26 -> 58.556612 | N26: =M26/129.3029 -> 0.45286387 | O26: 2357.1692 | P26: =C26/O26*12 -> 86.809211 | Q26: =(K26*12/O26)/129.3029 -> 40.53869
B27: Spray Rose Snowflake White | C27: 57071 | D27: 962 | E27: =C27-D27 -> 56109 | F27: 63130 | G27: 1200 | H27: =F27+G27 -> 64330 | I27: 2247751.5 | J27: 4137.92 | K27: =I27+J27 -> 2251889.4 | L27: =F27/E27 -> 1.1251314 | M27: =I27/F27 -> 35.605124 | N27: =M27/129.3029 -> 0.27536215 | O27: 5210.5846 | P27: =C27/O27*12 -> 131.43477 | Q27: =(K27*12/O27)/129.3029 -> 40.108238
B28: Spray Rose Odilia Pink | C28: 53881 | D28: 607 | E28: =C28-D28 -> 53274 | F28: 49610 | G28: 3480 | H28: =F28+G28 -> 53090 | I28: 1844403.2 | J28: 11999.98 | K28: =I28+J28 -> 1856403.2 | L28: =F28/E28 -> 0.93122349 | M28: =I28/F28 -> 37.178053 | N28: =M28/129.3029 -> 0.28752683 | O28: 5024.4923 | P28: =C28/O28*12 -> 128.68405 | Q28: =(K28*12/O28)/129.3029 -> 34.288864
B29: Spray Rose Good Mood | C29: 48866 | D29: 571 | E29: =C29-D29 -> 48295 | F29: 39140 | G29: 2540 | H29: =F29+G29 -> 41680 | I29: 1762019.7 | J29: 8758.62 | K29: =I29+J29 -> 1770778.3 | L29: =F29/E29 -> 0.81043586 | M29: =I29/F29 -> 45.018387 | N29: =M29/129.3029 -> 0.34816224 | O29: 5027.4462 | P29: =C29/O29*12 -> 116.63815 | Q29: =(K29*12/O29)/129.3029 -> 32.688105
B30: Spray Rose Lianne Pink | C30: 49471 | D30: 463 | E30: =C30-D30 -> 49008 | F30: 46940 | G30: 2420 | H30: =F30+G30 -> 49360 | I30: 1746017.4 | J30: 9379.31 | K30: =I30+J30 -> 1755396.7 | L30: =F30/E30 -> 0.95780281 | M30: =I30/F30 -> 37.196791 | N30: =M30/129.3029 -> 0.28767175 | O30: 5024.4923 | P30: =C30/O30*12 -> 118.15164 | Q30: =(K30*12/O30)/129.3029 -> 32.423215
B31: Spray Rose Fire Works Bi-Pink | C31: 19415 | D31: 269 | E31: =C31-D31 -> 19146 | F31: 20550 | G31: 20 | H31: =F31+G31 -> 20570 | I31: 860757.85 | J31: 68.97 | K31: =I31+J31 -> 860826.82 | L31: =F31/E31 -> 1.0733312 | M31: =I31/F31 -> 41.886027 | N31: =M31/129.3029 -> 0.32393726 | O31: 2481.2308 | P31: =C31/O31*12 -> 93.896949 | Q31: =(K31*12/O31)/129.3029 -> 32.19746
B32: Spray Rose Eileen | C32: 28827 | D32: 260 | E32: =C32-D32 -> 28567 | F32: 24140 | G32: 580 | H32: =F32+G32 -> 24720 | I32: 891889.1 | J32: 2103.44 | K32: =I32+J32 -> 893992.54 | L32: =F32/E32 -> 0.84503098 | M32: =I32/F32 -> 36.946524 | N32: =M32/129.3029 -> 0.28573624 | O32: 2605.2923 | P32: =C32/O32*12 -> 132.77742 | Q32: =(K32*12/O32)/129.3029 -> 31.845672
B33: Spray Rose Dinara | C33: 32152 | D33: 499 | E33: =C33-D33 -> 31653 | F33: 27730 | G33: 2080 | H33: =F33+G33 -> 29810 | I33: 1062111.8 | J33: 7172.4 | K33: =I33+J33 -> 1069284.2 | L33: =F33/E33 -> 0.8760623 | M33: =I33/F33 -> 38.301903 | N33: =M33/129.3029 -> 0.29621844 | O33: 3225.6 | P33: =C33/O33*12 -> 119.6131 | Q33: =(K33*12/O33)/129.3029 -> 30.764907
B34: Spray Rose Marisa Yellow | C34: 17681 | D34: 243 | E34: =C34-D34 -> 17438 | F34: 22810 | G34: 1300 | H34: =F34+G34 -> 24110 | I34: 789014.69 | J34: 4482.75 | K34: =I34+J34 -> 793497.44 | L34: =F34/E34 -> 1.3080629 | M34: =I34/F34 -> 34.590736 | N34: =M34/129.3029 -> 0.26751709 | O34: 2667.3231 | P34: =C34/O34*12 -> 79.54492 | Q34: =(K34*12/O34)/129.3029 -> 27.608505
B35: Spray Rose Reflex Bicolour | C35: 62267 | D35: 368 | E35: =C35-D35 -> 61899 | F35: 56610 | G35: 660 | H35: =F35+G35 -> 57270 | I35: 2154756.9 | J35: 2275.86 | K35: =I35+J35 -> 2157032.8 | L35: =F35/E35 -> 0.91455435 | M35: =I35/F35 -> 38.063185 | N35: =M35/129.3029 -> 0.29437225 | O35: 7381.6615 | P35: =C35/O35*12 -> 101.22436 | Q35: =(K35*12/O35)/129.3029 -> 27.11912
B36: Spray Rose Tessa | C36: 29812 | D36: 621 | E36: =C36-D36 -> 29191 | F36: 19890 | G36: 2460 | H36: =F36+G36 -> 22350 | I36: 749530.47 | J36: 8482.75 | K36: =I36+J36 -> 758013.22 | L36: =F36/E36 -> 0.6813744 | M36: =I36/F36 -> 37.683784 | N36: =M36/129.3029 -> 0.29143804 | O36: 2667.3231 | P36: =C36/O36*12 -> 134.12099 | Q36: =(K36*12/O36)/129.3029 -> 26.373887
... B50: Spray Rose Trinity Cream Yellow | C50: 19461 | D50: 69 | E50: =C50-D50 -> 19392 | F50: 3990 | G50: 7560 | H50: =F50+G50 -> 11550 | I50: 205439.94 | J50: 26068.98 | K50: =I50+J50 -> 231508.92 | L50: =F50/E50 -> 0.20575495 | M50: =I50/F50 -> 51.488707 | N50: =M50/129.3029 -> 0.39820226 | O50: 2481.2308 | P50: =C50/O50*12 -> 94.11942 | Q50: =(K50*12/O50)/129.3029 -> 8.6591159
B51: Spray Rose Wedding Party | C51: 24517 | D51: 436 | E51: =C51-D51 -> 24081 | F51: 11290 | G51: 17680 | H51: =F51+G51 -> 28970 | I51: 385557.93 | J51: 61689.68 | K51: =I51+J51 -> 447247.61 | L51: =F51/E51 -> 0.46883435 | M51: =I51/F51 -> 34.150392 | N51: =M51/129.3029 -> 0.26411157 | O51: 5009.7231 | P51: =C51/O51*12 -> 58.726599 | Q51: =(K51*12/O51)/129.3029 -> 8.2852819 | R51: To Replace
B52: Spray Rose Jalita | C52: 41052 | D52: 624 | E52: =C52-D52 -> 40428 | F52: 10650 | G52: 12660 | H52: =F52+G52 -> 23310 | I52: 384390.29 | J52: 47896.55 | K52: =I52+J52 -> 432286.84 | L52: =F52/E52 -> 0.26343129 | M52: =I52/F52 -> 36.092985 | N52: =M52/129.3029 -> 0.27913515 | O52: 4993.4769 | P52: =C52/O52*12 -> 98.653505 | Q52: =(K52*12/O52)/129.3029 -> 8.0341872
B53: Spray Rose Snow Bubble | C53: 15182 | D53: 189 | E53: =C53-D53 -> 14993 | F53: 4150 | G53: 14800 | H53: =F53+G53 -> 18950 | I53: 142670 | J53: 55758.64 | K53: =I53+J53 -> 198428.64 | L53: =F53/E53 -> 0.27679584 | M53: =I53/F53 -> 34.378313 | N53: =M53/129.3029 -> 0.26587426 | O53: 2481.2308 | P53: =C53/O53*12 -> 73.424851 | Q53: =(K53*12/O53)/129.3029 -> 7.4218159
B54: SUB TOTAL | C54: =SUM(C25:C53) -> 891377 | D54: =SUM(D25:D53) -> 11158 | E54: =SUM(E25:E53) -> 880219 | F54: =SUM(F25:F53) -> 713220 | G54: =SUM(G25:G53) -> 112950 | H54: =SUM(H25:H53) -> 826170 | I54: =SUM(I25:I53) -> 28151071 | J54: =SUM(J25:J53) -> 457556.6 | K54: =SUM(K25:K53) -> 28608628 | L54: =F54/E54 -> 0.81027562 | M54: =I54/F54 -> 39.47039 | N54: =M54/129.3029 -> 0.30525526 | O54: =SUM(O25:O53) -> 106988.31 | P54: =(C54/O54)*12 -> 99.978439 | Q54: =(K54*12/O54)/129.3029 -> 24.816109
B55: % | D55: =D54/C54 -> 0.012517711 | E55: =E54/C54 -> 0.98748229
B57: GRAND TOTAL | C57: =C22+C54 -> 2148173 | D57: =D22+D54 -> 27586 | E57: =E22+E54 -> 2120587 | F57: =F22+F54 -> 1949289 | G57: =G22+G54 -> 180150 | H57: =H22+H54 -> 2129439 | I57: =I22+I54 -> 53201143 | J57: =J22+J54 -> 718177.4 | K57: =K22+K54 -> 53919320 | L57: =F57/(E57) -> 0.91922142 | M57: =I57/F57 -> 27.292589 | N57: =M57/129.3029 -> 0.21107484 | O57: =O54+O22 -> 193940.68 | P57: =(C57/O57)*12 -> 132.91733 | Q57: =(K57*12/O57)/129.3029 -> 25.80171
B58: % | D58: =D57/C57 -> 0.01284161 | E58: =E57/C57 -> 0.98715839
B60: Notes
A61: 1 | B61: Ranked by Revenue / SQM
A62: 2 | B62: Exports were at 99.7% for Standard Roses and 81% for Spray roses whose combined average is 92%.
A63: 3 | B63: Standard Roses achieved a prorated revenue / SQM of USD 27.01, Spray Roses achieved a prorated revenue / SQM of USD 24.82 whose combined average is USD 25.8/SQM.
A64: 4 | B64: Rejection Rate for Standard Roses was 1.31% While that of Spray Roses was 1.25% - Average Rejection rate was 1.28% of Production.
A65: 5 | B65: Standard Roses achieved a prorated production / SQM of 173 Stems, Spray Roses achieved a prorated Production / SQM of 100 Stems whose combined average is 133 Stems /SQM.
A66: 6 | B66: Standard Roses achieved an average price of USD 0.16/ Stem, Spray Roses achieved an average price of USD 0.31 / Stems whose combined average price USD 0.21 /Stem.
A67: 7 | B67: Above computation is on Weighted Average USD Exchange Rate for February 2025 I.E 129.3029
B69: Particulars | C69: SQM
B70: Standard Roses | C70: =O22 -> 86952.369
B71: Spray Roses | C71: =O54 -> 106988.31
B72: Trials | C72: 1612.8
B73: Root Stocks | C73: 2171.0769
B74: Total Area | C74: =SUM(C70:C73) -> 197724.55

Sheet Feb -Colour Code
B1: ZEEFLORA LIMITED
B2: PERFORMANCE PER VARIETY ANALYSIS
B3: 45716
B4: Description | C4: Production -Qty | D4: Rejection | E4: Sellable / Available for Sale | F4: Sales - Qty Export | G4: Sales - Qty Local | H4: Total Sales - Qty | I4: Export Sales -KES | J4: Local Sales KES | K4: Total Sales- KES | L4: % Export Sales | M4: Average Export Price KES | N4: Average Export Price USD | O4: Area SQM | P4: Production Per SQM | Q4: Revenue / SQM- USD
B5: STANDARD ROSES
B6: Rose Kamala Red | C6: ='Feb 2025 -Prodn& Sales Analysis'!C7 -> 137469 | D6: ='Feb 2025 -Prodn& Sales Analysis'!D7 -> 790 | E6: ='Feb 2025 -Prodn& Sales Analysis'!E7 -> 136679 | F6: ='Feb 2025 -Prodn& Sales Analysis'!F7 -> 146832 | G6: ='Feb 2025 -Prodn& Sales Analysis'!G7 -> 7280 | H6: ='Feb 2025 -Prodn& Sales Analysis'!H7 -> 154112 | I6: ='Feb 2025 -Prodn& Sales Analysis'!I7 -> 4537885 | J6: ='Feb 2025 -Prodn& Sales Analysis'!J7 -> 74706.91 | K6: ='Feb 2025 -Prodn& Sales Analysis'!K7 -> 4612591.9 | L6: =(F6+F7)/(C6+C7) -> 1.1672383 | M6: =I6/F6 -> 30.905286 | N6: =M6/129.3029 -> 0.23901464 | O6: ='Jan 2025-Prodn & Sales Analysis'!O11 -> 10048.985 | P6: =C6/O6*12 -> 164.15868 | Q6: =(K6+K7)*12/(O6+O7)/129.3029 -> 44.562475
B7: Rose Madam Red | C7: ='Feb 2025 -Prodn& Sales Analysis'!C6 -> 105693 | D7: ='Feb 2025 -Prodn& Sales Analysis'!D6 -> 651 | E7: ='Feb 2025 -Prodn& Sales Analysis'!E6 -> 105042 | F7: ='Feb 2025 -Prodn& Sales Analysis'!F6 -> 136996 | G7: ='Feb 2025 -Prodn& Sales Analysis'!G6 -> 480 | H7: ='Feb 2025 -Prodn& Sales Analysis'!H6 -> 137476 | I7: ='Feb 2025 -Prodn& Sales Analysis'!I6 -> 4232224.8 | J7: ='Feb 2025 -Prodn& Sales Analysis'!J6 -> 1448.28 | K7: ='Feb 2025 -Prodn& Sales Analysis'!K6 -> 4233673.1 | M7: =I7/F7 -> 30.893054 | N7: =M7/129.3029 -> 0.23892004 | O7: ='Jan 2025-Prodn & Sales Analysis'!O7 -> 8374.1538 | P7: =C7/O7*12 -> 151.45602
B8: Rose Madam Cerise | C8: ='Feb 2025 -Prodn& Sales Analysis'!C9 -> 38310 | D8: ='Feb 2025 -Prodn& Sales Analysis'!D9 -> 755 | E8: ='Feb 2025 -Prodn& Sales Analysis'!E9 -> 37555 | F8: ='Feb 2025 -Prodn& Sales Analysis'!F9 -> 33306 | G8: ='Feb 2025 -Prodn& Sales Analysis'!G9 -> 100 | H8: ='Feb 2025 -Prodn& Sales Analysis'!H9 -> 33406 | I8: ='Feb 2025 -Prodn& Sales Analysis'!I9 -> 729754.14 | J8: ='Feb 2025 -Prodn& Sales Analysis'!J9 -> 301.72 | K8: ='Feb 2025 -Prodn& Sales Analysis'!K9 -> 730055.86 | L8: =(F8+F9)/(E8+E9) -> 0.89009493 | M8: =I8/F8 -> 21.910591 | N8: =M8/129.3029 -> 0.16945166 | O8: ='Jan 2025-Prodn & Sales Analysis'!O6 -> 2109.0462 | P8: =C8/O8*12 -> 217.97532 | Q8: =(K8+K9)*12/(O8+O9)/129.3029 -> 32.540397
B9: Rose Ace Cerise | C9: ='Feb 2025 -Prodn& Sales Analysis'!C8 -> 70724 | D9: ='Feb 2025 -Prodn& Sales Analysis'!D8 -> 1041 | E9: ='Feb 2025 -Prodn& Sales Analysis'!E8 -> 69683 | F9: ='Feb 2025 -Prodn& Sales Analysis'!F8 -> 62146 | G9: ='Feb 2025 -Prodn& Sales Analysis'!G8 -> 5900 | H9: ='Feb 2025 -Prodn& Sales Analysis'!H8 -> 68046 | I9: ='Feb 2025 -Prodn& Sales Analysis'!I8 -> 1165098.1 | J9: ='Feb 2025 -Prodn& Sales Analysis'!J8 -> 18836.21 | K9: ='Feb 2025 -Prodn& Sales Analysis'!K8 -> 1183934.3 | M9: =I9/F9 -> 18.747757 | N9: =M9/129.3029 -> 0.144991 | O9: ='Jan 2025-Prodn & Sales Analysis'!O13 -> 3349.6615 | P9: =C9/O9*12 -> 253.3653
B10: Rose Pegasso White | C10: ='Feb 2025 -Prodn& Sales Analysis'!C10 -> 64760 | D10: ='Feb 2025 -Prodn& Sales Analysis'!D10 -> 2249 | E10: ='Feb 2025 -Prodn& Sales Analysis'!E10 -> 62511 | F10: ='Feb 2025 -Prodn& Sales Analysis'!F10 -> 60140 | G10: ='Feb 2025 -Prodn& Sales Analysis'!G10 -> 15240 | H10: ='Feb 2025 -Prodn& Sales Analysis'!H10 -> 75380 | I10: ='Feb 2025 -Prodn& Sales Analysis'!I10 -> 1544795.7 | J10: ='Feb 2025 -Prodn& Sales Analysis'!J10 -> 47819.01 | K10: ='Feb 2025 -Prodn& Sales Analysis'!K10 -> 1592614.7 | L10: =F10/E10 -> 0.96207068 | M10: =I10/F10 -> 25.686659 | N10: =M10/129.3029 -> 0.19865493 | O10: ='Jan 2025-Prodn & Sales Analysis'!O12 -> 4962.4615 | P10: =C10/O10*12 -> 156.5997 | Q10: =(K10*12/O10)/129.3029 -> 29.784241
B11: Rose Jumilia Bicolour Pink | C11: ='Feb 2025 -Prodn& Sales Analysis'!C11 -> 136880 | D11: ='Feb 2025 -Prodn& Sales Analysis'!D11 -> 1285 | E11: ='Feb 2025 -Prodn& Sales Analysis'!E11 -> 135595 | F11: ='Feb 2025 -Prodn& Sales Analysis'!F11 -> 142180 | G11: ='Feb 2025 -Prodn& Sales Analysis'!G11 -> 4640 | H11: ='Feb 2025 -Prodn& Sales Analysis'!H11 -> 146820 | I11: ='Feb 2025 -Prodn& Sales Analysis'!I11 -> 2634218.5 | J11: ='Feb 2025 -Prodn& Sales Analysis'!J11 -> 14206.89 | K11: ='Feb 2025 -Prodn& Sales Analysis'!K11 -> 2648425.4 | L11: =(F11+F12)/(E11+E12) -> 1.0232472 | M11: =I11/F11 -> 18.527349 | N11: =M11/129.3029 -> 0.14328642 | O11: ='Jan 2025-Prodn & Sales Analysis'!O8 -> 8684.3077 | P11: =C11/O11*12 -> 189.14116 | Q11: =(K11+K12)*12/(O11+O12)/129.3029 -> 27.773136
B12: Rose Trivia Pale Pink | C12: ='Feb 2025 -Prodn& Sales Analysis'!C12 -> 97855 | D12: ='Feb 2025 -Prodn& Sales Analysis'!D12 -> 691 | E12: ='Feb 2025 -Prodn& Sales Analysis'!E12 -> 97164 | F12: ='Feb 2025 -Prodn& Sales Analysis'!F12 -> 95990 | G12: ='Feb 2025 -Prodn& Sales Analysis'!G12 -> 1480 | H12: ='Feb 2025 -Prodn& Sales Analysis'!H12 -> 97470 | I12: ='Feb 2025 -Prodn& Sales Analysis'!I12 -> 1542245.9 | J12: ='Feb 2025 -Prodn& Sales Analysis'!J12 -> 4672.42 | K12: ='Feb 2025 -Prodn& Sales Analysis'!K12 -> 1546918.3 | M12: =I12/F12 -> 16.066735 | N12: =M12/129.3029 -> 0.12425657 | O12: ='Jan 2025-Prodn & Sales Analysis'!O9 -> 5334.6462 | P12: =C12/O12*12 -> 220.11957
B13: Rose Celeb Salmon Pink | C13: ='Feb 2025 -Prodn& Sales Analysis'!C14 -> 60710 | D13: ='Feb 2025 -Prodn& Sales Analysis'!D14 -> 1122 | E13: ='Feb 2025 -Prodn& Sales Analysis'!E14 -> 59588 | F13: ='Feb 2025 -Prodn& Sales Analysis'!F14 -> 58310 | G13: ='Feb 2025 -Prodn& Sales Analysis'!G14 -> 1560 | H13: ='Feb 2025 -Prodn& Sales Analysis'!H14 -> 59870 | I13: ='Feb 2025 -Prodn& Sales Analysis'!I14 -> 1219560.2 | J13: ='Feb 2025 -Prodn& Sales Analysis'!J14 -> 4706.89 | K13: ='Feb 2025 -Prodn& Sales Analysis'!K14 -> 1224267.1 | L13: =F13/E13 -> 0.97855273 | M13: =I13/F13 -> 20.915113 | N13: =M13/129.3029 -> 0.16175285 | O13: ='Jan 2025-Prodn & Sales Analysis'!O14 -> 4794.0923 | P13: =C13/O13*12 -> 151.96203 | Q13: =(K13*12/O13)/129.3029 -> 23.699696
B14: Rose Athena White | C14: ='Feb 2025 -Prodn& Sales Analysis'!C13 -> 173760 | D14: ='Feb 2025 -Prodn& Sales Analysis'!D13 -> 2121 | E14: ='Feb 2025 -Prodn& Sales Analysis'!E13 -> 171639 | F14: ='Feb 2025 -Prodn& Sales Analysis'!F13 -> 178886 | G14: ='Feb 2025 -Prodn& Sales Analysis'!G13 -> 11260 | H14: ='Feb 2025 -Prodn& Sales Analysis'!H13 -> 190146 | I14: ='Feb 2025 -Prodn& Sales Analysis'!I13 -> 2630888.1 | J14: ='Feb 2025 -Prodn& Sales Analysis'!J13 -> 35810.34 | K14: ='Feb 2025 -Prodn& Sales Analysis'!K13 -> 2666698.4 | L14: =F14/E14 -> 1.0422223 | M14: =I14/F14 -> 14.707065 | N14: =M14/129.3029 -> 0.11374119 | O14: ='Jan 2025-Prodn & Sales Analysis'!O10 -> 10545.231 | P14: =C14/O14*12 -> 197.73109 | Q14: =(K14*12/O14)/129.3029 -> 23.468796
B15: Rose Espana Bi-Color | C15: ='Feb 2025 -Prodn& Sales Analysis'!C15 -> 84656 | D15: ='Feb 2025 -Prodn& Sales Analysis'!D15 -> 872 | E15: ='Feb 2025 -Prodn& Sales Analysis'!E15 -> 83784 | F15: ='Feb 2025 -Prodn& Sales Analysis'!F15 -> 80564 | G15: ='Feb 2025 -Prodn& Sales Analysis'!G15 -> 3160 | H15: ='Feb 2025 -Prodn& Sales Analysis'!H15 -> 83724 | I15: ='Feb 2025 -Prodn& Sales Analysis'!I15 -> 1061007.9 | J15: ='Feb 2025 -Prodn& Sales Analysis'!J15 -> 9534.5 | K15: ='Feb 2025 -Prodn& Sales Analysis'!K15 -> 1070542.4 | L15: =(F15+F16+F17)/(C15+C16+C17) -> 0.91665008 | M15: =I15/F15 -> 13.169753 | N15: =M15/129.3029 -> 0.10185195 | O15: ='Jan 2025-Prodn & Sales Analysis'!O19 -> 5302.1538 | P15: =C15/O15*12 -> 191.5961 | Q15: =(K15+K16+K17)*12/(O15+O16+O17)/129.3029 -> 16.791697
B16: Rose Copacabana Orange | C16: ='Feb 2025 -Prodn& Sales Analysis'!C19 -> 61225 | D16: ='Feb 2025 -Prodn& Sales Analysis'!D19 -> 969 | E16: ='Feb 2025 -Prodn& Sales Analysis'!E19 -> 60256 | F16: ='Feb 2025 -Prodn& Sales Analysis'!F19 -> 52108 | G16: ='Feb 2025 -Prodn& Sales Analysis'!G19 -> 3240 | H16: ='Feb 2025 -Prodn& Sales Analysis'!H19 -> 55348 | I16: ='Feb 2025 -Prodn& Sales Analysis'!I19 -> 842366.24 | J16: ='Feb 2025 -Prodn& Sales Analysis'!J19 -> 9775.88 | K16: ='Feb 2025 -Prodn& Sales Analysis'!K19 -> 852142.12 | M16: =I16/F16 -> 16.165776 | N16: =M16/129.3029 -> 0.12502253 | O16: ='Jan 2025-Prodn & Sales Analysis'!O18 -> 5173.3662 | P16: =C16/O16*12 -> 142.01585
B17: Rose Confidential | C17: ='Feb 2025 -Prodn& Sales Analysis'!C17 -> 60082 | D17: ='Feb 2025 -Prodn& Sales Analysis'!D17 -> 842 | E17: ='Feb 2025 -Prodn& Sales Analysis'!E17 -> 59240 | F17: ='Feb 2025 -Prodn& Sales Analysis'!F17 -> 56124 | G17: ='Feb 2025 -Prodn& Sales Analysis'!G17 -> 4340 | H17: ='Feb 2025 -Prodn& Sales Analysis'!H17 -> 60464 | I17: ='Feb 2025 -Prodn& Sales Analysis'!I17 -> 857485.49 | J17: ='Feb 2025 -Prodn& Sales Analysis'!J17 -> 13094.82 | K17: ='Feb 2025 -Prodn& Sales Analysis'!K17 -> 870580.31 | M17: =I17/F17 -> 15.27841 | N17: =M17/129.3029 -> 0.11815984 | O17: ='Jan 2025-Prodn & Sales Analysis'!O20 -> 4962.4615 | P17: =C17/O17*12 -> 145.28757
B18: Rose Indigo | C18: ='Feb 2025 -Prodn& Sales Analysis'!C18 -> 40260 | D18: ='Feb 2025 -Prodn& Sales Analysis'!D18 -> 1086 | E18: ='Feb 2025 -Prodn& Sales Analysis'!E18 -> 39174 | F18: ='Feb 2025 -Prodn& Sales Analysis'!F18 -> 27550 | G18: ='Feb 2025 -Prodn& Sales Analysis'!G18 -> 3720 | H18: ='Feb 2025 -Prodn& Sales Analysis'!H18 -> 31270 | I18: ='Feb 2025 -Prodn& Sales Analysis'!I18 -> 394210.95 | J18: ='Feb 2025 -Prodn& Sales Analysis'!J18 -> 11224.15 | K18: ='Feb 2025 -Prodn& Sales Analysis'!K18 -> 405435.1 | L18: =F18/E18 -> 0.70327258 | M18: =I18/F18 -> 14.308927 | N18: =M18/129.3029 -> 0.11066208 | O18: ='Jan 2025-Prodn & Sales Analysis'!O21 -> 2357.1692 | P18: =C18/O18*12 -> 204.95771 | Q18: =(K18*12/O18)/129.3029 -> 15.962597
B19: Rose Goldfinch | C19: ='Feb 2025 -Prodn& Sales Analysis'!C16 -> 70675 | D19: ='Feb 2025 -Prodn& Sales Analysis'!D16 -> 776 | E19: ='Feb 2025 -Prodn& Sales Analysis'!E16 -> 69899 | F19: ='Feb 2025 -Prodn& Sales Analysis'!F16 -> 57584 | G19: ='Feb 2025 -Prodn& Sales Analysis'!G16 -> 3220 | H19: ='Feb 2025 -Prodn& Sales Analysis'!H16 -> 60804 | I19: ='Feb 2025 -Prodn& Sales Analysis'!I16 -> 940660.26 | J19: ='Feb 2025 -Prodn& Sales Analysis'!J16 -> 9715.53 | K19: ='Feb 2025 -Prodn& Sales Analysis'!K16 -> 950375.79 | L19: =(F19+F20)/(C19+C20) -> 0.86807423 | M19: =I19/F19 -> 16.335445 | N19: =M19/129.3029 -> 0.12633471 | O19: ='Jan 2025-Prodn & Sales Analysis'!O15 -> 5371.8646 | P19: =C19/O19*12 -> 157.87814 | Q19: =(K19+K20)*12/(O19+O20)/129.3029 -> 15.237737
B20: Rose Moonwalk Yellow | C20: ='Feb 2025 -Prodn& Sales Analysis'!C20 -> 27130 | D20: ='Feb 2025 -Prodn& Sales Analysis'!D20 -> 587 | E20: ='Feb 2025 -Prodn& Sales Analysis'!E20 -> 26543 | F20: ='Feb 2025 -Prodn& Sales Analysis'!F20 -> 27318 | G20: ='Feb 2025 -Prodn& Sales Analysis'!G20 -> 640 | H20: ='Feb 2025 -Prodn& Sales Analysis'!H20 -> 27958 | I20: ='Feb 2025 -Prodn& Sales Analysis'!I20 -> 418574.05 | J20: ='Feb 2025 -Prodn& Sales Analysis'!J20 -> 1931.04 | K20: ='Feb 2025 -Prodn& Sales Analysis'!K20 -> 420505.09 | M20: =I20/F20 -> 15.32228 | N20: =M20/129.3029 -> 0.11849912 | O20: ='Jan 2025-Prodn & Sales Analysis'!O17 -> 2977.4769 | P20: =C20/O20*12 -> 109.3409 | R20: To Replace
B21: Rose Tiger | C21: ='Feb 2025 -Prodn& Sales Analysis'!C21 -> 26607 | D21: ='Feb 2025 -Prodn& Sales Analysis'!D21 -> 591 | E21: ='Feb 2025 -Prodn& Sales Analysis'!E21 -> 26016 | F21: ='Feb 2025 -Prodn& Sales Analysis'!F21 -> 20035 | G21: ='Feb 2025 -Prodn& Sales Analysis'!G21 -> 940 | H21: ='Feb 2025 -Prodn& Sales Analysis'!H21 -> 20975 | I21: ='Feb 2025 -Prodn& Sales Analysis'!I21 -> 299096.01 | J21: ='Feb 2025 -Prodn& Sales Analysis'!J21 -> 2836.21 | K21: ='Feb 2025 -Prodn& Sales Analysis'!K21 -> 301932.22 | L21: =F21/E21 -> 0.77010301 | M21: =I21/F21 -> 14.928675 | N21: =M21/129.3029 -> 0.11545507 | O21: ='Jan 2025-Prodn & Sales Analysis'!O16 -> 2605.2923 | P21: =C21/O21*12 -> 122.55208 | Q21: =(K21*12/O21)/129.3029 -> 10.755386
B22: SUB TOTAL | C22: =SUM(C6:C21) -> 1256796 | D22: =SUM(D6:D21) -> 16428 | E22: =SUM(E6:E21) -> 1240368 | F22: =SUM(F6:F21) -> 1236069 | G22: =SUM(G6:G21) -> 67200 | H22: =SUM(H6:H21) -> 1303269 | I22: =SUM(I6:I21) -> 25050071 | J22: =SUM(J6:J21) -> 260620.8 | K22: =SUM(K6:K21) -> 25310692 | L22: =F22/E22 -> 0.99653409 | M22: =I22/F22 -> 20.265917 | N22: =M22/129.3029 -> 0.15673211 | O22: =SUM(O6:O21) -> 86952.369 | P22: =C22/O22*12 -> 173.44613 | Q22: =(K22*12/O22)/129.3029 -> 27.014416
B23: % | D23: =D22/C22 -> 0.013071334 | E23: =E22/C22 -> 0.98692867
B24: SPRAY ROSES
B25: Spray Rose Mirabel | C25: ='Feb 2025 -Prodn& Sales Analysis'!C25 -> 75777 | D25: ='Feb 2025 -Prodn& Sales Analysis'!D25 -> 882 | E25: ='Feb 2025 -Prodn& Sales Analysis'!E25 -> 74895 | F25: ='Feb 2025 -Prodn& Sales Analysis'!F25 -> 75430 | G25: ='Feb 2025 -Prodn& Sales Analysis'!G25 -> 6240 | H25: ='Feb 2025 -Prodn& Sales Analysis'!H25 -> 81670 | I25: ='Feb 2025 -Prodn& Sales Analysis'!I25 -> 3634112.9 | J25: ='Feb 2025 -Prodn& Sales Analysis'!J25 -> 64551.74 | K25: ='Feb 2025 -Prodn& Sales Analysis'!K25 -> 3698664.6 | L25: =(F25+F26)/(E25+E26) -> 1.0132096 | M25: =I25/F25 -> 48.178615 | N25: =M25/129.3029 -> 0.37260274 | O25: ='Jan 2025-Prodn & Sales Analysis'!O26 -> 8436.1846 | P25: =C25/O25*12 -> 107.78854 | Q25: =(K25+K26)*12/(O25+O26)/129.3029 -> 40.655796
B26: Spray Rose Dominica | C26: ='Feb 2025 -Prodn& Sales Analysis'!C26 -> 17052 | D26: ='Feb 2025 -Prodn& Sales Analysis'!D26 -> 347 | E26: ='Feb 2025 -Prodn& Sales Analysis'!E26 -> 16705 | F26: ='Feb 2025 -Prodn& Sales Analysis'!F26 -> 17380 | G26: ='Feb 2025 -Prodn& Sales Analysis'!G26 -> 980 | H26: ='Feb 2025 -Prodn& Sales Analysis'!H26 -> 18360 | I26: ='Feb 2025 -Prodn& Sales Analysis'!I26 -> 1017713.9 | J26: ='Feb 2025 -Prodn& Sales Analysis'!J26 -> 11931.04 | K26: ='Feb 2025 -Prodn& Sales Analysis'!K26 -> 1029645 | M26: =I26/F26 -> 58.556612 | N26: =M26/129.3029 -> 0.45286387 | O26: ='Jan 2025-Prodn & Sales Analysis'!O37 -> 2357.1692 | P26: =C26/O26*12 -> 86.809211
B27: Spray Rose Eileen | C27: ='Feb 2025 -Prodn& Sales Analysis'!C32 -> 28827 | D27: ='Feb 2025 -Prodn& Sales Analysis'!D32 -> 260 | E27: ='Feb 2025 -Prodn& Sales Analysis'!E32 -> 28567 | F27: ='Feb 2025 -Prodn& Sales Analysis'!F32 -> 24140 | G27: ='Feb 2025 -Prodn& Sales Analysis'!G32 -> 580 | H27: ='Feb 2025 -Prodn& Sales Analysis'!H32 -> 24720 | I27: ='Feb 2025 -Prodn& Sales Analysis'!I32 -> 891889.1 | J27: ='Feb 2025 -Prodn& Sales Analysis'!J32 -> 2103.44 | K27: ='Feb 2025 -Prodn& Sales Analysis'!K32 -> 893992.54 | L27: =(F27+F28)/(E27+E28) -> 0.90113757 | M27: =I27/F27 -> 36.946524 | N27: =M27/129.3029 -> 0.28573624 | O27: ='Jan 2025-Prodn & Sales Analysis'!O31 -> 2605.2923 | P27: =C27/O27*12 -> 132.77742 | Q27: =(K27+K28)*12/(O27+O28)/129.3029 -> 33.454603
B28: Spray Rose Odilia Pink | C28: ='Feb 2025 -Prodn& Sales Analysis'!C28 -> 53881 | D28: ='Feb 2025 -Prodn& Sales Analysis'!D28 -> 607 | E28: ='Feb 2025 -Prodn& Sales Analysis'!E28 -> 53274 | F28: ='Feb 2025 -Prodn& Sales Analysis'!F28 -> 49610 | G28: ='Feb 2025 -Prodn& Sales Analysis'!G28 -> 3480 | H28: ='Feb 2025 -Prodn& Sales Analysis'!H28 -> 53090 | I28: ='Feb 2025 -Prodn& Sales Analysis'!I28 -> 1844403.2 | J28: ='Feb 2025 -Prodn& Sales Analysis'!J28 -> 11999.98 | K28: ='Feb 2025 -Prodn& Sales Analysis'!K28 -> 1856403.2 | M28: =I28/F28 -> 37.178053 | N28: =M28/129.3029 -> 0.28752683 | O28: ='Jan 2025-Prodn & Sales Analysis'!O30 -> 5024.4923 | P28: =C28/O28*12 -> 128.68405
B29: Spray Rose Lianne Pink | C29: ='Feb 2025 -Prodn& Sales Analysis'!C30 -> 49471 | D29: ='Feb 2025 -Prodn& Sales Analysis'!D30 -> 463 | E29: ='Feb 2025 -Prodn& Sales Analysis'!E30 -> 49008 | F29: ='Feb 2025 -Prodn& Sales Analysis'!F30 -> 46940 | G29: ='Feb 2025 -Prodn& Sales Analysis'!G30 -> 2420 | H29: ='Feb 2025 -Prodn& Sales Analysis'!H30 -> 49360 | I29: ='Feb 2025 -Prodn& Sales Analysis'!I30 -> 1746017.4 | J29: ='Feb 2025 -Prodn& Sales Analysis'!J30 -> 9379.31 | K29: ='Feb 2025 -Prodn& Sales Analysis'!K30 -> 1755396.7 | L29: =(F29+F30)/(E29+E30) -> 0.85461451 | M29: =I29/F29 -> 37.196791 | N29: =M29/129.3029 -> 0.28767175 | O29: ='Jan 2025-Prodn & Sales Analysis'!O27 -> 5024.4923 | P29: =C29/O29*12 -> 118.15164 | Q29: =(K29+K30)*12/(O29+O30)/129.3029 -> 30.325464
B30: Spray Rose Tessa | C30: ='Feb 2025 -Prodn& Sales Analysis'!C36 -> 29812 | D30: ='Feb 2025 -Prodn& Sales Analysis'!D36 -> 621 | E30: ='Feb 2025 -Prodn& Sales Analysis'!E36 -> 29191 | F30: ='Feb 2025 -Prodn& Sales Analysis'!F36 -> 19890 | G30: ='Feb 2025 -Prodn& Sales Analysis'!G36 -> 2460 | H30: ='Feb 2025 -Prodn& Sales Analysis'!H36 -> 22350 | I30: ='Feb 2025 -Prodn& Sales Analysis'!I36 -> 749530.47 | J30: ='Feb 2025 -Prodn& Sales Analysis'!J36 -> 8482.75 | K30: ='Feb 2025 -Prodn& Sales Analysis'!K36 -> 758013.22 | M30: =I30/F30 -> 37.683784 | N30: =M30/129.3029 -> 0.29143804 | O30: ='Jan 2025-Prodn & Sales Analysis'!O35 -> 2667.3231 | P30: =C30/O30*12 -> 134.12099
B31: Spray Rose Fancy | C31: ='Feb 2025 -Prodn& Sales Analysis'!C38 -> 17362 | D31: ='Feb 2025 -Prodn& Sales Analysis'!D38 -> 294 | E31: ='Feb 2025 -Prodn& Sales Analysis'!E38 -> 17068 | F31: ='Feb 2025 -Prodn& Sales Analysis'!F38 -> 16430 | G31: ='Feb 2025 -Prodn& Sales Analysis'!G38 -> 1080 | H31: ='Feb 2025 -Prodn& Sales Analysis'!H38 -> 17510 | I31: ='Feb 2025 -Prodn& Sales Analysis'!I38 -> 654174.68 | J31: ='Feb 2025 -Prodn& Sales Analysis'!J38 -> 4034.47 | K31: ='Feb 2025 -Prodn& Sales Analysis'!K38 -> 658209.15 | L31: =(F31+F32+F33+F34)/(E31+E32+E33+E34) -> 0.80544256 | M31: =I31/F31 -> 39.815866 | N31: =M31/129.3029 -> 0.30792709 | O31: ='Jan 2025-Prodn & Sales Analysis'!O36 -> 2357.1692 | P31: =C31/O31*12 -> 88.387375 | Q31: =(K31+K32+K33+K34)*12/(O31+O32+O33+O34)/129.3029 -> 29.443636
B32: Spray Rose Dinara | C32: ='Feb 2025 -Prodn& Sales Analysis'!C33 -> 32152 | D32: ='Feb 2025 -Prodn& Sales Analysis'!D33 -> 499 | E32: ='Feb 2025 -Prodn& Sales Analysis'!E33 -> 31653 | F32: ='Feb 2025 -Prodn& Sales Analysis'!F33 -> 27730 | G32: ='Feb 2025 -Prodn& Sales Analysis'!G33 -> 2080 | H32: ='Feb 2025 -Prodn& Sales Analysis'!H33 -> 29810 | I32: ='Feb 2025 -Prodn& Sales Analysis'!I33 -> 1062111.8 | J32: ='Feb 2025 -Prodn& Sales Analysis'!J33 -> 7172.4 | K32: ='Feb 2025 -Prodn& Sales Analysis'!K33 -> 1069284.2 | M32: =I32/F32 -> 38.301903 | N32: =M32/129.3029 -> 0.29621844 | O32: ='Jan 2025-Prodn & Sales Analysis'!O41 -> 3225.6 | P32: =C32/O32*12 -> 119.6131
B33: Spray Rose Good Mood | C33: ='Feb 2025 -Prodn& Sales Analysis'!C29 -> 48866 | D33: ='Feb 2025 -Prodn& Sales Analysis'!D29 -> 571 | E33: ='Feb 2025 -Prodn& Sales Analysis'!E29 -> 48295 | F33: ='Feb 2025 -Prodn& Sales Analysis'!F29 -> 39140 | G33: ='Feb 2025 -Prodn& Sales Analysis'!G29 -> 2540 | H33: ='Feb 2025 -Prodn& Sales Analysis'!H29 -> 41680 | I33: ='Feb 2025 -Prodn& Sales Analysis'!I29 -> 1762019.7 | J33: ='Feb 2025 -Prodn& Sales Analysis'!J29 -> 8758.62 | K33: ='Feb 2025 -Prodn& Sales Analysis'!K29 -> 1770778.3 | M33: =I33/F33 -> 45.018387 | N33: =M33/129.3029 -> 0.34816224 | O33: ='Jan 2025-Prodn & Sales Analysis'!O34 -> 5027.4462 | P33: =C33/O33*12 -> 116.63815
B34: Spray Rose Sweet Blossoms | C34: ='Feb 2025 -Prodn& Sales Analysis'!C39 -> 23063 | D34: ='Feb 2025 -Prodn& Sales Analysis'!D39 -> 356 | E34: ='Feb 2025 -Prodn& Sales Analysis'!E39 -> 22707 | F34: ='Feb 2025 -Prodn& Sales Analysis'!F39 -> 13130 | G34: ='Feb 2025 -Prodn& Sales Analysis'!G39 -> 5130 | H34: ='Feb 2025 -Prodn& Sales Analysis'!H39 -> 18260 | I34: ='Feb 2025 -Prodn& Sales Analysis'!I39 -> 632524.98 | J34: ='Feb 2025 -Prodn& Sales Analysis'!J39 -> 22625.59 | K34: ='Feb 2025 -Prodn& Sales Analysis'!K39 -> 655150.57 | M34: =I34/F34 -> 48.174027 | N34: =M34/129.3029 -> 0.37256726 | O34: ='Jan 2025-Prodn & Sales Analysis'!O48 -> 2481.2308 | P34: =C34/O34*12 -> 111.53981
B35: Spray Rose Reflex Bicolour | C35: ='Feb 2025 -Prodn& Sales Analysis'!C35 -> 62267 | D35: ='Feb 2025 -Prodn& Sales Analysis'!D35 -> 368 | E35: ='Feb 2025 -Prodn& Sales Analysis'!E35 -> 61899 | F35: ='Feb 2025 -Prodn& Sales Analysis'!F35 -> 56610 | G35: ='Feb 2025 -Prodn& Sales Analysis'!G35 -> 660 | H35: ='Feb 2025 -Prodn& Sales Analysis'!H35 -> 57270 | I35: ='Feb 2025 -Prodn& Sales Analysis'!I35 -> 2154756.9 | J35: ='Feb 2025 -Prodn& Sales Analysis'!J35 -> 2275.86 | K35: ='Feb 2025 -Prodn& Sales Analysis'!K35 -> 2157032.8 | L35: =(F35+F36)/(E35+E36) -> 0.95206367 | M35: =I35/F35 -> 38.063185 | N35: =M35/129.3029 -> 0.29437225 | O35: ='Jan 2025-Prodn & Sales Analysis'!O29 -> 7381.6615 | P35: =C35/O35*12 -> 101.22436 | Q35: =(K35+K36)*12/(O35+O36)/129.3029 -> 28.39669
B36: Spray Rose Fire Works Bi-Pink | C36: ='Feb 2025 -Prodn& Sales Analysis'!C31 -> 19415 | D36: ='Feb 2025 -Prodn& Sales Analysis'!D31 -> 269 | E36: ='Feb 2025 -Prodn& Sales Analysis'!E31 -> 19146 | F36: ='Feb 2025 -Prodn& Sales Analysis'!F31 -> 20550 | G36: ='Feb 2025 -Prodn& Sales Analysis'!G31 -> 20 | H36: ='Feb 2025 -Prodn& Sales Analysis'!H31 -> 20570 | I36: ='Feb 2025 -Prodn& Sales Analysis'!I31 -> 860757.85 | J36: ='Feb 2025 -Prodn& Sales Analysis'!J31 -> 68.97 | K36: ='Feb 2025 -Prodn& Sales Analysis'!K31 -> 860826.82 | M36: =I36/F36 -> 41.886027 | N36: =M36/129.3029 -> 0.32393726 | O36: ='Jan 2025-Prodn & Sales Analysis'!O38 -> 2481.2308 | P36: =C36/O36*12 -> 93.896949
B37: Spray Rose Cheyenne | C37: ='Feb 2025 -Prodn& Sales Analysis'!C37 -> 17817 | D37: ='Feb 2025 -Prodn& Sales Analysis'!D37 -> 140 | E37: ='Feb 2025 -Prodn& Sales Analysis'!E37 -> 17677 | F37: ='Feb 2025 -Prodn& Sales Analysis'!F37 -> 17090 | G37: ='Feb 2025 -Prodn& Sales Analysis'!G37 -> 640 | H37: ='Feb 2025 -Prodn& Sales Analysis'!H37 -> 17730 | I37: ='Feb 2025 -Prodn& Sales Analysis'!I37 -> 695744.42 | J37: ='Feb 2025 -Prodn& Sales Analysis'!J37 -> 2620.68 | K37: ='Feb 2025 -Prodn& Sales Analysis'!K37 -> 698365.1 | L37: =F37/E37 -> 0.96679301 | M37: =I37/F37 -> 40.710616 | N37: =M37/129.3029 -> 0.31484689 | O37: ='Jan 2025-Prodn & Sales Analysis'!O42 -> 2481.2308 | P37: =C37/O37*12 -> 86.168527 | Q37: =(K37)*12/(O37)/129.3029 -> 26.120913
B38: Spray Rose Zadique | C38: ='Feb 2025 -Prodn& Sales Analysis'!C46 -> 15311 | D38: ='Feb 2025 -Prodn& Sales Analysis'!D46 -> 165 | E38: ='Feb 2025 -Prodn& Sales Analysis'!E46 -> 15146 | F38: ='Feb 2025 -Prodn& Sales Analysis'!F46 -> 13560 | G38: ='Feb 2025 -Prodn& Sales Analysis'!G46 -> 0 | H38: ='Feb 2025 -Prodn& Sales Analysis'!H46 -> 13560 | I38: ='Feb 2025 -Prodn& Sales Analysis'!I46 -> 441008.06 | J38: ='Feb 2025 -Prodn& Sales Analysis'!J46 -> 0 | K38: ='Feb 2025 -Prodn& Sales Analysis'!K46 -> 441008.06 | L38: =(F38+F39)/(E38+E39) -> 0.89185667 | M38: =I38/F38 -> 32.522718 | N38: =M38/129.3029 -> 0.2515235 | O38: ='Jan 2025-Prodn & Sales Analysis'!O47 -> 2605.2923 | P38: =C38/O38*12 -> 70.522605 | Q38: =(K38+K39)*12/(O38+O39)/129.3029 -> 21.422769
B39: Spray Rose Babe Orange | C39: ='Feb 2025 -Prodn& Sales Analysis'!C41 -> 44350 | D39: ='Feb 2025 -Prodn& Sales Analysis'!D41 -> 417 | E39: ='Feb 2025 -Prodn& Sales Analysis'!E41 -> 43933 | F39: ='Feb 2025 -Prodn& Sales Analysis'!F41 -> 39130 | G39: ='Feb 2025 -Prodn& Sales Analysis'!G41 -> 400 | H39: ='Feb 2025 -Prodn& Sales Analysis'!H41 -> 39530 | I39: ='Feb 2025 -Prodn& Sales Analysis'!I41 -> 1347475.7 | J39: ='Feb 2025 -Prodn& Sales Analysis'!J41 -> 1379.31 | K39: ='Feb 2025 -Prodn& Sales Analysis'!K41 -> 1348855 | M39: =I39/F39 -> 34.435872 | N39: =M39/129.3029 -> 0.26631941 | O39: ='Jan 2025-Prodn & Sales Analysis'!O32 -> 5148.5538 | P39: =C39/O39*12 -> 103.36883
B40: Spray Rose Salinero | C40: ='Feb 2025 -Prodn& Sales Analysis'!C40 -> 40457 | D40: ='Feb 2025 -Prodn& Sales Analysis'!D40 -> 401 | E40: ='Feb 2025 -Prodn& Sales Analysis'!E40 -> 40056 | F40: ='Feb 2025 -Prodn& Sales Analysis'!F40 -> 32200 | G40: ='Feb 2025 -Prodn& Sales Analysis'!G40 -> 4540 | H40: ='Feb 2025 -Prodn& Sales Analysis'!H40 -> 36740 | I40: ='Feb 2025 -Prodn& Sales Analysis'!I40 -> 1308938.6 | J40: ='Feb 2025 -Prodn& Sales Analysis'!J40 -> 15655.17 | K40: ='Feb 2025 -Prodn& Sales Analysis'!K40 -> 1324593.8 | L40: =(F40+F41)/(E40+E41) -> 0.60876733 | M40: =I40/F40 -> 40.650267 | N40: =M40/129.3029 -> 0.31438017 | O40: ='Jan 2025-Prodn & Sales Analysis'!O39 -> 5055.5077 | P40: =C40/O40*12 -> 96.030711 | Q40: =(K40+K41)*12/(O40+O41)/129.3029 -> 19.161424
B41: Spray Rose Trinity Cream Yellow | C41: ='Feb 2025 -Prodn& Sales Analysis'!C50 -> 19461 | D41: ='Feb 2025 -Prodn& Sales Analysis'!D50 -> 69 | E41: ='Feb 2025 -Prodn& Sales Analysis'!E50 -> 19392 | F41: ='Feb 2025 -Prodn& Sales Analysis'!F50 -> 3990 | G41: ='Feb 2025 -Prodn& Sales Analysis'!G50 -> 7560 | H41: ='Feb 2025 -Prodn& Sales Analysis'!H50 -> 11550 | I41: ='Feb 2025 -Prodn& Sales Analysis'!I50 -> 205439.94 | J41: ='Feb 2025 -Prodn& Sales Analysis'!J50 -> 26068.98 | K41: ='Feb 2025 -Prodn& Sales Analysis'!K50 -> 231508.92 | M41: =I41/F41 -> 51.488707 | N41: =M41/129.3029 -> 0.39820226 | O41: ='Jan 2025-Prodn & Sales Analysis'!O50 -> 2481.2308 | P41: =C41/O41*12 -> 94.11942
B42: Spray Rose Marisa Yellow | C42: ='Feb 2025 -Prodn& Sales Analysis'!C34 -> 17681 | D42: ='Feb 2025 -Prodn& Sales Analysis'!D34 -> 243 | E42: ='Feb 2025 -Prodn& Sales Analysis'!E34 -> 17438 | F42: ='Feb 2025 -Prodn& Sales Analysis'!F34 -> 22810 | G42: ='Feb 2025 -Prodn& Sales Analysis'!G34 -> 1300 | H42: ='Feb 2025 -Prodn& Sales Analysis'!H34 -> 24110 | I42: ='Feb 2025 -Prodn& Sales Analysis'!I34 -> 789014.69 | J42: ='Feb 2025 -Prodn& Sales Analysis'!J34 -> 4482.75 | K42: ='Feb 2025 -Prodn& Sales Analysis'!K34 -> 793497.44 | L42: =(F42+F43+F44)/(C42+C43+C44) -> 0.83848362 | M42: =I42/F42 -> 34.590736 | N42: =M42/129.3029 -> 0.26751709 | O42: ='Jan 2025-Prodn & Sales Analysis'!O28 -> 2667.3231 | P42: =C42/O42*12 -> 79.54492 | Q42: =(K42+K43+K44)*12/(O42+O43+O44)/129.3029 -> 19.105655
B43: Spray Rose Yellow Babe | C43: ='Feb 2025 -Prodn& Sales Analysis'!C42 -> 17743 | D43: ='Feb 2025 -Prodn& Sales Analysis'!D42 -> 404 | E43: ='Feb 2025 -Prodn& Sales Analysis'!E42 -> 17339 | F43: ='Feb 2025 -Prodn& Sales Analysis'!F42 -> 17690 | G43: ='Feb 2025 -Prodn& Sales Analysis'!G42 -> 720 | H43: ='Feb 2025 -Prodn& Sales Analysis'!H42 -> 18410 | I43: ='Feb 2025 -Prodn& Sales Analysis'!I42 -> 596014.46 | J43: ='Feb 2025 -Prodn& Sales Analysis'!J42 -> 2482.75 | K43: ='Feb 2025 -Prodn& Sales Analysis'!K42 -> 598497.21 | M43: =I43/F43 -> 33.692168 | N43: =M43/129.3029 -> 0.26056777 | O43: ='Jan 2025-Prodn & Sales Analysis'!O45 -> 2788.4308 | P43: =C43/O43*12 -> 76.356925
B44: Spray Rose Tarantella Yellow | C44: ='Feb 2025 -Prodn& Sales Analysis'!C49 -> 21369 | D44: ='Feb 2025 -Prodn& Sales Analysis'!D49 -> 424 | E44: ='Feb 2025 -Prodn& Sales Analysis'!E49 -> 20945 | F44: ='Feb 2025 -Prodn& Sales Analysis'!F49 -> 7120 | G44: ='Feb 2025 -Prodn& Sales Analysis'!G49 -> 0 | H44: ='Feb 2025 -Prodn& Sales Analysis'!H49 -> 7120 | I44: ='Feb 2025 -Prodn& Sales Analysis'!I49 -> 241976.88 | J44: ='Feb 2025 -Prodn& Sales Analysis'!J49 -> 0 | K44: ='Feb 2025 -Prodn& Sales Analysis'!K49 -> 241976.88 | M44: =I44/F44 -> 33.985517 | N44: =M44/129.3029 -> 0.26283646 | O44: ='Jan 2025-Prodn & Sales Analysis'!O51 -> 2481.2308 | P44: =C44/O44*12 -> 103.3471
B45: Spray Rose Royal Porcelina Cream | C45: ='Feb 2025 -Prodn& Sales Analysis'!C44 -> 40850 | D45: ='Feb 2025 -Prodn& Sales Analysis'!D44 -> 353 | E45: ='Feb 2025 -Prodn& Sales Analysis'!E44 -> 40497 | F45: ='Feb 2025 -Prodn& Sales Analysis'!F44 -> 21820 | G45: ='Feb 2025 -Prodn& Sales Analysis'!G44 -> 13120 | H45: ='Feb 2025 -Prodn& Sales Analysis'!H44 -> 34940 | I45: ='Feb 2025 -Prodn& Sales Analysis'!I44 -> 865894.37 | J45: ='Feb 2025 -Prodn& Sales Analysis'!J44 -> 45241.38 | K45: ='Feb 2025 -Prodn& Sales Analysis'!K44 -> 911135.75 | L45: =(F45+F46)/(E45+E46) -> 0.6276247 | M45: =I45/F45 -> 39.683518 | N45: =M45/129.3029 -> 0.30690354 | O45: ='Jan 2025-Prodn & Sales Analysis'!O44 -> 4652.3077 | P45: =C45/O45*12 -> 105.36706 | Q45: =(K45+K46)*12/(O45+O46)/129.3029 -> 17.772423
B46: Spray Rose Sweet Sara | C46: ='Feb 2025 -Prodn& Sales Analysis'!C45 -> 16232 | D46: ='Feb 2025 -Prodn& Sales Analysis'!D45 -> 294 | E46: ='Feb 2025 -Prodn& Sales Analysis'!E45 -> 15938 | F46: ='Feb 2025 -Prodn& Sales Analysis'!F45 -> 13600 | G46: ='Feb 2025 -Prodn& Sales Analysis'!G45 -> 20 | H46: ='Feb 2025 -Prodn& Sales Analysis'!H45 -> 13620 | I46: ='Feb 2025 -Prodn& Sales Analysis'!I45 -> 478641.31 | J46: ='Feb 2025 -Prodn& Sales Analysis'!J45 -> 68.97 | K46: ='Feb 2025 -Prodn& Sales Analysis'!K45 -> 478710.28 | M46: =I46/F46 -> 35.194214 | N46: =M46/129.3029 -> 0.27218426 | O46: ='Jan 2025-Prodn & Sales Analysis'!O33 -> 2605.2923 | P46: =C46/O46*12 -> 74.764739
B47: Spray Rose Snowflake White | C47: ='Feb 2025 -Prodn& Sales Analysis'!C27 -> 57071 | D47: ='Feb 2025 -Prodn& Sales Analysis'!D27 -> 962 | E47: ='Feb 2025 -Prodn& Sales Analysis'!E27 -> 56109 | F47: ='Feb 2025 -Prodn& Sales Analysis'!F27 -> 63130 | G47: ='Feb 2025 -Prodn& Sales Analysis'!G27 -> 1200 | H47: ='Feb 2025 -Prodn& Sales Analysis'!H27 -> 64330 | I47: ='Feb 2025 -Prodn& Sales Analysis'!I27 -> 2247751.5 | J47: ='Feb 2025 -Prodn& Sales Analysis'!J27 -> 4137.92 | K47: ='Feb 2025 -Prodn& Sales Analysis'!K27 -> 2251889.4 | L47: =(F47+F48+F49+F50)/(E47+E48+E49+E50) -> 0.65791123 | M47: =I47/F47 -> 35.605124 | N47: =M47/129.3029 -> 0.27536215 | O47: ='Jan 2025-Prodn & Sales Analysis'!O25 -> 5210.5846 | P47: =C47/O47*12 -> 131.43477 | Q47: =(K47+K48+K49+K50)*12/(O47+O48+O49+O50)/129.3029 -> 17.464133
B48: Spray Rose Jalita | C48: ='Feb 2025 -Prodn& Sales Analysis'!C52 -> 41052 | D48: ='Feb 2025 -Prodn& Sales Analysis'!D52 -> 624 | E48: ='Feb 2025 -Prodn& Sales Analysis'!E52 -> 40428 | F48: ='Feb 2025 -Prodn& Sales Analysis'!F52 -> 10650 | G48: ='Feb 2025 -Prodn& Sales Analysis'!G52 -> 12660 | H48: ='Feb 2025 -Prodn& Sales Analysis'!H52 -> 23310 | I48: ='Feb 2025 -Prodn& Sales Analysis'!I52 -> 384390.29 | J48: ='Feb 2025 -Prodn& Sales Analysis'!J52 -> 47896.55 | K48: ='Feb 2025 -Prodn& Sales Analysis'!K52 -> 432286.84 | M48: =I48/F48 -> 36.092985 | N48: =M48/129.3029 -> 0.27913515 | O48: ='Jan 2025-Prodn & Sales Analysis'!O52 -> 4993.4769 | P48: =C48/O48*12 -> 98.653505
B49: Spray Rose Wedding Party | C49: ='Feb 2025 -Prodn& Sales Analysis'!C51 -> 24517 | D49: ='Feb 2025 -Prodn& Sales Analysis'!D51 -> 436 | E49: ='Feb 2025 -Prodn& Sales Analysis'!E51 -> 24081 | F49: ='Feb 2025 -Prodn& Sales Analysis'!F51 -> 11290 | G49: ='Feb 2025 -Prodn& Sales Analysis'!G51 -> 17680 | H49: ='Feb 2025 -Prodn& Sales Analysis'!H51 -> 28970 | I49: ='Feb 2025 -Prodn& Sales Analysis'!I51 -> 385557.93 | J49: ='Feb 2025 -Prodn& Sales Analysis'!J51 -> 61689.68 | K49: ='Feb 2025 -Prodn& Sales Analysis'!K51 -> 447247.61 | M49: =I49/F49 -> 34.150392 | N49: =M49/129.3029 -> 0.26411157 | O49: ='Jan 2025-Prodn & Sales Analysis'!O53 -> 5009.7231 | P49: =C49/O49*12 -> 58.726599 | R49: To Replace
B50: Spray Rose Snow Bubble | C50: ='Feb 2025 -Prodn& Sales Analysis'!C53 -> 15182 | D50: ='Feb 2025 -Prodn& Sales Analysis'!D53 -> 189 | E50: ='Feb 2025 -Prodn& Sales Analysis'!E53 -> 14993 | F50: ='Feb 2025 -Prodn& Sales Analysis'!F53 -> 4150 | G50: ='Feb 2025 -Prodn& Sales Analysis'!G53 -> 14800 | H50: ='Feb 2025 -Prodn& Sales Analysis'!H53 -> 18950 | I50: ='Feb 2025 -Prodn& Sales Analysis'!I53 -> 142670 | J50: ='Feb 2025 -Prodn& Sales Analysis'!J53 -> 55758.64 | K50: ='Feb 2025 -Prodn& Sales Analysis'!K53 -> 198428.64 | M50: =I50/F50 -> 34.378313 | N50: =M50/129.3029 -> 0.26587426 | O50: ='Jan 2025-Prodn & Sales Analysis'!O49 -> 2481.2308 | P50: =C50/O50*12 -> 73.424851
B51: Spray Rose Leila Pink | C51: ='Feb 2025 -Prodn& Sales Analysis'!C43 -> 11026 | D51: ='Feb 2025 -Prodn& Sales Analysis'!D43 -> 158 | E51: ='Feb 2025 -Prodn& Sales Analysis'!E43 -> 10868 | F51: ='Feb 2025 -Prodn& Sales Analysis'!F43 -> 10480 | G51: ='Feb 2025 -Prodn& Sales Analysis'!G43 -> 0 | H51: ='Feb 2025 -Prodn& Sales Analysis'!H43 -> 10480 | I51: ='Feb 2025 -Prodn& Sales Analysis'!I43 -> 357868.2 | J51: ='Feb 2025 -Prodn& Sales Analysis'!J43 -> 0 | K51: ='Feb 2025 -Prodn& Sales Analysis'!K43 -> 357868.2 | L51: =(F51+F52)/(E51+E52) -> 0.73153773 | M51: =I51/F51 -> 34.147729 | N51: =M51/129.3029 -> 0.26409098 | O51: ='Jan 2025-Prodn & Sales Analysis'!O40 -> 1736.8615 | P51: =C51/O51*12 -> 76.178784 | Q51: =(K51+K52)*12/(O51+O52)/129.3029 -> 15.447332
B52: Spray Rose Silver Shadow | C52: ='Feb 2025 -Prodn& Sales Analysis'!C47 -> 16608 | D52: ='Feb 2025 -Prodn& Sales Analysis'!D47 -> 150 | E52: ='Feb 2025 -Prodn& Sales Analysis'!E47 -> 16458 | F52: ='Feb 2025 -Prodn& Sales Analysis'!F47 -> 9510 | G52: ='Feb 2025 -Prodn& Sales Analysis'!G47 -> 3780 | H52: ='Feb 2025 -Prodn& Sales Analysis'!H47 -> 13290 | I52: ='Feb 2025 -Prodn& Sales Analysis'!I47 -> 331193.43 | J52: ='Feb 2025 -Prodn& Sales Analysis'!J47 -> 13034.48 | K52: ='Feb 2025 -Prodn& Sales Analysis'!K47 -> 344227.91 | M52: =I52/F52 -> 34.825808 | N52: =M52/129.3029 -> 0.26933509 | O52: ='Jan 2025-Prodn & Sales Analysis'!O43 -> 2481.2308 | P52: =C52/O52*12 -> 80.321429
B53: Spray Rose Azore | C53: ='Feb 2025 -Prodn& Sales Analysis'!C48 -> 16705 | D53: ='Feb 2025 -Prodn& Sales Analysis'!D48 -> 192 | E53: ='Feb 2025 -Prodn& Sales Analysis'!E48 -> 16513 | F53: ='Feb 2025 -Prodn& Sales Analysis'!F48 -> 8020 | G53: ='Feb 2025 -Prodn& Sales Analysis'!G48 -> 6860 | H53: ='Feb 2025 -Prodn& Sales Analysis'!H48 -> 14880 | I53: ='Feb 2025 -Prodn& Sales Analysis'!I48 -> 321478.84 | J53: ='Feb 2025 -Prodn& Sales Analysis'!J48 -> 23655.17 | K53: ='Feb 2025 -Prodn& Sales Analysis'!K48 -> 345134.01 | L53: =F53/E53 -> 0.48567795 | M53: =I53/F53 -> 40.084643 | N53: =M53/129.3029 -> 0.31000576 | O53: ='Jan 2025-Prodn & Sales Analysis'!O46 -> 3039.5077 | P53: =C53/O53*12 -> 65.95147 | Q53: =(K53*12/O53)/129.3029 -> 10.537983
B54: SUB TOTAL | C54: =SUM(C25:C53) -> 891377 | D54: =SUM(D25:D53) -> 11158 | E54: =SUM(E25:E53) -> 880219 | F54: =SUM(F25:F53) -> 713220 | G54: =SUM(G25:G53) -> 112950 | H54: =SUM(H25:H53) -> 826170 | I54: =SUM(I25:I53) -> 28151071 | J54: =SUM(J25:J53) -> 457556.6 | K54: =SUM(K25:K53) -> 28608628 | L54: =F54/E54 -> 0.81027562 | M54: =I54/F54 -> 39.47039 | N54: =M54/129.3029 -> 0.30525526 | O54: =SUM(O25:O53) -> 106988.31 | P54: =(C54/O54)*12 -> 99.978439 | Q54: =(K54*12/O54)/129.3029 -> 24.816109
B55: % | D55: =D54/C54 -> 0.012517711 | E55: =E54/C54 -> 0.98748229
B57: GRAND TOTAL | C57: =C22+C54 -> 2148173 | D57: =D22+D54 -> 27586 | E57: =E22+E54 -> 2120587 | F57: =F22+F54 -> 1949289 | G57: =G22+G54 -> 180150 | H57: =H22+H54 -> 2129439 | I57: =I22+I54 -> 53201143 | J57: =J22+J54 -> 718177.4 | K57: =K22+K54 -> 53919320 | L57: =F57/E57 -> 0.91922142 | M57: =I57/F57 -> 27.292589 | N57: =M57/129.3029 -> 0.21107484 | O57: =O54+O22 -> 193940.68 | P57: =(C57/O57)*12 -> 132.91733 | Q57: =(K57*12/O57)/129.3029 -> 25.80171
B58: % | D58: =D57/C57 -> 0.01284161 | E58: =E57/C57 -> 0.98715839
B60: Notes
A61: 1 | B61: Ranked by Revenue / SQM

Sheet March 2025 - Prodn & Sales
B1: ZEEFLORA LIMITED
B2: PERFORMANCE PER VARIETY ANALYSIS
B3: 45747
B4: Description | C4: Production -Qty | D4: Rejection | E4: Sellable / Available for Sale | F4: Sales - Qty Export | G4: Sales - Qty Local | H4: Total Sales - Qty | I4: Export Sales -KES | J4: Local Sales KES | K4: Total Sales- KES | L4: % Export Sales | M4: Average Export Price KES | N4: Average Export Price USD | O4: Area SQM | P4: Production Per SQM | Q4: Revenue / SQM- USD
B5: STANDARD ROSES
B6: Rose Jumilia Bicolour Pink | C6: 195718 | D6: 755 | E6: =C6-D6 -> 194963 | F6: 178330 | G6: 4840 | H6: =F6+G6 -> 183170 | I6: 3308770.3 | J6: 14603.45 | K6: =I6+J6 -> 3323373.8 | L6: =F6/E6 -> 0.91468638 | M6: =I6/F6 -> 18.554199 | N6: =M6/129.3348 -> 0.14345867 | O6: 8684.3077 | P6: =C6/O6*12 -> 270.44366 | Q6: =(K6*12/O6)/129.3348 -> 35.506661 | T6: Rose Ace Cerise 35cm | U6: 56267 | V6: 970615.21
B7: Rose Pegasso White | C7: 79006 | D7: 1628 | E7: =C7-D7 -> 77378 | F7: 65290 | G7: 7040 | H7: =F7+G7 -> 72330 | I7: 1714528 | J7: 21241.39 | K7: =I7+J7 -> 1735769.4 | L7: =F7/E7 -> 0.84377989 | M7: =I7/F7 -> 26.260193 | N7: =M7/129.3348 -> 0.20304042 | O7: 4962.4615 | P7: =C7/O7*12 -> 191.04874 | Q7: =(K7*12/O7)/129.3348 -> 32.453438 | T7: Rose Athena White 60cm | U7: 110369 | V7: 1674541.9
B8: Rose Trivia Pale Pink | C8: 97210 | D8: 389 | E8: =C8-D8 -> 96821 | F8: 83241 | G8: 620 | H8: =F8+G8 -> 83861 | I8: 1675306.9 | J8: 2000 | K8: =I8+J8 -> 1677306.9 | L8: =F8/E8 -> 0.85974117 | M8: =I8/F8 -> 20.125982 | N8: =M8/129.3348 -> 0.1556115 | O8: 5334.6462 | P8: =C8/O8*12 -> 218.66867 | Q8: =(K8*12/O8)/129.3348 -> 29.17244 | T8: Rose Confidential 35cm | U8: 40948 | V8: 698109.68
B9: Rose Ace Cerise | C9: 73612 | D9: 550 | E9: =C9-D9 -> 73062 | F9: 56267 | G9: 1980 | H9: =F9+G9 -> 58247 | I9: 970615.21 | J9: 5974.14 | K9: =I9+J9 -> 976589.35 | L9: =F9/E9 -> 0.77012674 | M9: =I9/F9 -> 17.250168 | N9: =M9/129.3348 -> 0.13337608 | O9: 3349.6615 | P9: =C9/O9*12 -> 263.71142 | Q9: =(K9*12/O9)/129.3348 -> 27.0506 | T9: Rose Celeb Salmon Pink 40cm | U9: 57510 | V9: 1306316
B10: Rose Madam Red | C10: 242948 | D10: 531 | E10: =C10-D10 -> 242417 | F10: 150006 | G10: 17520 | H10: =F10+G10 -> 167526 | I10: 2293840.4 | J10: 51318.96 | K10: =I10+J10 -> 2345159.4 | L10: =F10/E10 -> 0.61879324 | M10: =I10/F10 -> 15.291658 | N10: =M10/129.3348 -> 0.11823313 | O10: 8374.1538 | P10: =C10/O10*12 -> 348.13977 | Q10: =(K10*12/O10)/129.3348 -> 25.983478 | T10: Rose Copacabana Orange 60cm | U10: 33124 | V10: 525225.14
B11: Rose Madam Cerise | C11: 45670 | D11: 422 | E11: =C11-D11 -> 45248 | F11: 38956 | G11: 920 | H11: =F11+G11 -> 39876 | I11: 583963.25 | J11: 2775.87 | K11: =I11+J11 -> 586739.12 | L11: =F11/E11 -> 0.86094413 | M11: =I11/F11 -> 14.990329 | N11: =M11/129.3348 -> 0.11590329 | O11: 2109.0462 | P11: =C11/O11*12 -> 259.85207 | Q11: =(K11*12/O11)/129.3348 -> 25.812188 | T11: Rose Espana Bi-Color 35cm | U11: 59268 | V11: 790144.36
B12: Rose Celeb Salmon Pink | C12: 68114 | D12: 518 | E12: =C12-D12 -> 67596 | F12: 57510 | G12: 700 | H12: =F12+G12 -> 58210 | I12: 1306316 | J12: 2241.38 | K12: =I12+J12 -> 1308557.4 | L12: =F12/E12 -> 0.85078999 | M12: =I12/F12 -> 22.714588 | N12: =M12/129.3348 -> 0.17562627 | O12: 5371.8646 | P12: =C12/O12*12 -> 152.15722 | Q12: =(K12*12/O12)/129.3348 -> 22.601307 | T12: Rose Goldfinch 60cm | U12: 64934 | V12: 1146405.1
B13: Rose Goldfinch | C13: 90037 | D13: 469 | E13: =C13-D13 -> 89568 | F13: 64934 | G13: 3260 | H13: =F13+G13 -> 68194 | I13: 1146405.1 | J13: 9836.2 | K13: =I13+J13 -> 1156241.3 | L13: =F13/E13 -> 0.72496874 | M13: =I13/F13 -> 17.654928 | N13: =M13/129.3348 -> 0.13650562 | O13: 4794.0923 | P13: =C13/O13*12 -> 225.36988 | Q13: =(K13*12/O13)/129.3348 -> 22.377312 | T13: Rose Indigo 40cm | U13: 21395 | V13: 365421.22
B14: Rose Kamala Red | C14: 143915 | D14: 505 | E14: =C14-D14 -> 143410 | F14: 101514 | G14: 1640 | H14: =F14+G14 -> 103154 | I14: 1966948.7 | J14: 4948.27 | K14: =I14+J14 -> 1971897 | L14: =F14/E14 -> 0.70785859 | M14: =I14/F14 -> 19.376132 | N14: =M14/129.3348 -> 0.14981376 | O14: 10048.985 | P14: =C14/O14*12 -> 171.85617 | Q14: =(K14*12/O14)/129.3348 -> 18.20656 | T14: Rose Jumilia Bicolour Pink 70cm | U14: 178330 | V14: 3308770.3
B15: Rose Athena White | C15: 191820 | D15: 1052 | E15: =C15-D15 -> 190768 | F15: 110369 | G15: 17940 | H15: =F15+G15 -> 128309 | I15: 1674541.9 | J15: 54129.32 | K15: =I15+J15 -> 1728671.2 | L15: =F15/E15 -> 0.57855091 | M15: =I15/F15 -> 15.172212 | N15: =M15/129.3348 -> 0.11730959 | O15: 10545.231 | P15: =C15/O15*12 -> 218.28256 | Q15: =(K15*12/O15)/129.3348 -> 15.209753 | T15: Rose Kamala Red 35cm | U15: 101514 | V15: 1966948.7
B16: Rose Indigo | C16: 40133 | D16: 598 | E16: =C16-D16 -> 39535 | F16: 21395 | G16: 780 | H16: =F16+G16 -> 22175 | I16: 365421.22 | J16: 2353.45 | K16: =I16+J16 -> 367774.67 | L16: =F16/E16 -> 0.54116606 | M16: =I16/F16 -> 17.079749 | N16: =M16/129.3348 -> 0.13205841 | O16: 2357.1692 | P16: =C16/O16*12 -> 204.31117 | Q16: =(K16*12/O16)/129.3348 -> 14.476278 | T16: Rose Madam Cerise 60cm | U16: 38956 | V16: 583963.25
B17: Rose Espana Bi-Color | C17: 88701 | D17: 327 | E17: =C17-D17 -> 88374 | F17: 59268 | G17: 4220 | H17: =F17+G17 -> 63488 | I17: 790144.36 | J17: 12732.77 | K17: =I17+J17 -> 802877.13 | L17: =F17/E17 -> 0.67064974 | M17: =I17/F17 -> 13.33172 | N17: =M17/129.3348 -> 0.10307914 | O17: 5302.1538 | P17: =C17/O17*12 -> 200.75087 | Q17: =(K17*12/O17)/129.3348 -> 14.049556 | T17: Rose Madam Red 35cm | U17: 150006 | V17: 2293840.4
B18: Rose Confidential | C18: 64646 | D18: 391 | E18: =C18-D18 -> 64255 | F18: 40948 | G18: 3180 | H18: =F18+G18 -> 44128 | I18: 698109.68 | J18: 9594.83 | K18: =I18+J18 -> 707704.51 | L18: =F18/E18 -> 0.63727336 | M18: =I18/F18 -> 17.048688 | N18: =M18/129.3348 -> 0.13181826 | O18: 4962.4615 | P18: =C18/O18*12 -> 156.32403 | Q18: =(K18*12/O18)/129.3348 -> 13.231853 | T18: Rose Moonwalk Yellow 50cm | U18: 29518 | V18: 404502.29
B19: Rose Moonwalk Yellow | C19: 25897 | D19: 288 | E19: =C19-D19 -> 25609 | F19: 29518 | G19: 1780 | H19: =F19+G19 -> 31298 | I19: 404502.29 | J19: 5370.69 | K19: =I19+J19 -> 409872.98 | L19: =F19/E19 -> 1.1526416 | M19: =I19/F19 -> 13.703581 | N19: =M19/129.3348 -> 0.10595432 | O19: 2977.4769 | P19: =C19/O19*12 -> 104.37159 | Q19: =(K19*12/O19)/129.3348 -> 12.77223 | R19: To Replace | T19: Rose Pegasso White 40cm | U19: 65290 | V19: 1714528
B20: Rose Tiger | C20: 29735 | D20: 277 | E20: =C20-D20 -> 29458 | F20: 22600 | G20: 3800 | H20: =F20+G20 -> 26400 | I20: 317370.72 | J20: 11465.51 | K20: =I20+J20 -> 328836.23 | L20: =F20/E20 -> 0.76719397 | M20: =I20/F20 -> 14.042952 | N20: =M20/129.3348 -> 0.1085783 | O20: 2605.2923 | P20: =C20/O20*12 -> 136.95968 | Q20: =(K20*12/O20)/129.3348 -> 11.710867 | T20: Rose Tiger 60cm | U20: 22600 | V20: 317370.72
B21: Rose Copacabana Orange | C21: 64057 | D21: 312 | E21: =C21-D21 -> 63745 | F21: 33124 | G21: 3920 | H21: =F21+G21 -> 37044 | I21: 525225.14 | J21: 11982.76 | K21: =I21+J21 -> 537207.9 | L21: =F21/E21 -> 0.51963291 | M21: =I21/F21 -> 15.856332 | N21: =M21/129.3348 -> 0.12259911 | O21: 5173.3662 | P21: =C21/O21*12 -> 148.58488 | Q21: =(K21*12/O21)/129.3348 -> 9.6346296 | T21: Rose Trivia Pale Pink 40cm | U21: 83241 | V21: 1675306.9
B22: SUB TOTAL | C22: =SUM(C6:C21) -> 1541219 | D22: =SUM(D6:D21) -> 9012 | E22: =SUM(E6:E21) -> 1532207 | F22: =SUM(F6:F21) -> 1113270 | G22: =SUM(G6:G21) -> 74140 | H22: =SUM(H6:H21) -> 1187410 | I22: =SUM(I6:I21) -> 19742009 | J22: =SUM(J6:J21) -> 222568.99 | K22: =SUM(K6:K21) -> 19964578 | L22: =F22/E22 -> 0.72657937 | M22: =I22/F22 -> 17.733352 | N22: =M22/129.3348 -> 0.13711199 | O22: =SUM(O6:O21) -> 86952.369 | P22: =C22/O22*12 -> 212.69838 | Q22: =(K22*12/O22)/129.3348 -> 21.303186
B23: % | D23: =D22/C22 -> 0.0058473196 | E23: =E22/C22 -> 0.99415268
B24: SPRAY ROSES
B25: Spray Rose Odilia Pink | C25: 54770 | D25: 424 | E25: =C25-D25 -> 54346 | F25: 50610 | G25: 2460 | H25: =F25+G25 -> 53070 | I25: 2077487 | J25: 8482.76 | K25: =I25+J25 -> 2085969.8 | L25: =F25/E25 -> 0.93125529 | M25: =I25/F25 -> 41.048943 | N25: =M25/129.3348 -> 0.31738513 | O25: 5024.4923 | P25: =C25/O25*12 -> 130.80725 | Q25: =(K25*12/O25)/129.3348 -> 38.519591
B26: Spray Rose Eileen | C26: 27889 | D26: 244 | E26: =C26-D26 -> 27645 | F26: 26950 | G26: 480 | H26: =F26+G26 -> 27430 | I26: 1019497 | J26: 1655.17 | K26: =I26+J26 -> 1021152.2 | L26: =F26/E26 -> 0.97485983 | M26: =I26/F26 -> 37.829203 | N26: =M26/129.3348 -> 0.29249052 | O26: 2605.2923 | P26: =C26/O26*12 -> 128.45699 | Q26: =(K26*12/O26)/129.3348 -> 36.366363
B27: Spray Rose Marisa Yellow | C27: 23170 | D27: 274 | E27: =C27-D27 -> 22896 | F27: 30240 | G27: 360 | H27: =F27+G27 -> 30600 | I27: 1039915.6 | J27: 1241.38 | K27: =I27+J27 -> 1041157 | L27: =F27/E27 -> 1.3207547 | M27: =I27/F27 -> 34.388743 | N27: =M27/129.3348 -> 0.26588933 | O27: 2667.3231 | P27: =C27/O27*12 -> 104.23934 | Q27: =(K27*12/O27)/129.3348 -> 36.216496
B28: Spray Rose Snowflake White | C28: 42150 | D28: 480 | E28: =C28-D28 -> 41670 | F28: 54250 | G28: 980 | H28: =F28+G28 -> 55230 | I28: 1981199.9 | J28: 3379.3 | K28: =I28+J28 -> 1984579.2 | L28: =F28/E28 -> 1.3018958 | M28: =I28/F28 -> 36.519814 | N28: =M28/129.3348 -> 0.28236649 | O28: 5210.5846 | P28: =C28/O28*12 -> 97.071641 | Q28: =(K28*12/O28)/129.3348 -> 35.338478
B29: Spray Rose Tessa | C29: 24697 | D29: 625 | E29: =C29-D29 -> 24072 | F29: 23600 | G29: 1600 | H29: =F29+G29 -> 25200 | I29: 1002210.2 | J29: 5517.23 | K29: =I29+J29 -> 1007727.4 | L29: =F29/E29 -> 0.98039216 | M29: =I29/F29 -> 42.466533 | N29: =M29/129.3348 -> 0.32834576 | O29: 2667.3231 | P29: =C29/O29*12 -> 111.10915 | Q29: =(K29*12/O29)/129.3348 -> 35.053655
B30: Spray Rose Babe Orange | C30: 53020 | D30: 347 | E30: =C30-D30 -> 52673 | F30: 48610 | G30: 0 | H30: =F30+G30 -> 48610 | I30: 1709122.5 | J30: 0 | K30: =I30+J30 -> 1709122.5 | L30: =F30/E30 -> 0.92286371 | M30: =I30/F30 -> 35.159895 | N30: =M30/129.3348 -> 0.27185178 | O30: 5148.5538 | P30: =C30/O30*12 -> 123.57645 | Q30: =(K30*12/O30)/129.3348 -> 30.800218
B31: Spray Rose Mirabel | C31: 79513 | D31: 417 | E31: =C31-D31 -> 79096 | F31: =76240+30 -> 76270 | G31: 360 | H31: =F31+G31 -> 76630 | I31: =2609162.64+2562.65 -> 2611725.3 | J31: 1241.37 | K31: =I31+J31 -> 2612966.7 | L31: =F31/E31 -> 0.96427127 | M31: =I31/F31 -> 34.243153 | N31: =M31/129.3348 -> 0.26476365 | O31: 8436.1846 | P31: =C31/O31*12 -> 113.10279 | Q31: =(K31*12/O31)/129.3348 -> 28.737808
B32: Spray Rose Reflex Bicolour | C32: 67438 | D32: 279 | E32: =C32-D32 -> 67159 | F32: 60600 | G32: 1020 | H32: =F32+G32 -> 61620 | I32: 2172685 | J32: 3517.25 | K32: =I32+J32 -> 2176202.2 | L32: =F32/E32 -> 0.90233625 | M32: =I32/F32 -> 35.852887 | N32: =M32/129.3348 -> 0.2772099 | O32: 7381.6615 | P32: =C32/O32*12 -> 109.6306 | Q32: =(K32*12/O32)/129.3348 -> 27.353378
B33: Spray Rose Lianne Pink | C33: 48855 | D33: 282 | E33: =C33-D33 -> 48573 | F33: 39170 | G33: 1080 | H33: =F33+G33 -> 40250 | I33: 1392947.1 | J33: 3724.14 | K33: =I33+J33 -> 1396671.3 | L33: =F33/E33 -> 0.80641509 | M33: =I33/F33 -> 35.561581 | N33: =M33/129.3348 -> 0.27495756 | O33: 5024.4923 | P33: =C33/O33*12 -> 116.68045 | Q33: =(K33*12/O33)/129.3348 -> 25.790981
B34: Spray Rose Fancy | C34: 19615 | D34: 263 | E34: =C34-D34 -> 19352 | F34: 17080 | G34: 240 | H34: =F34+G34 -> 17320 | I34: 648331.38 | J34: 827.58 | K34: =I34+J34 -> 649158.96 | L34: =F34/E34 -> 0.88259611 | M34: =I34/F34 -> 37.958512 | N34: =M34/129.3348 -> 0.29349032 | O34: 2357.1692 | P34: =C34/O34*12 -> 99.857065 | Q34: =(K34*12/O34)/129.3348 -> 25.552073
B35: Spray Rose Good Mood | C35: 30036 | D35: 284 | E35: =C35-D35 -> 29752 | F35: 32330 | G35: 1880 | H35: =F35+G35 -> 34210 | I35: 1351156.6 | J35: 6482.74 | K35: =I35+J35 -> 1357639.4 | L35: =F35/E35 -> 1.0866496 | M35: =I35/F35 -> 41.792658 | N35: =M35/129.3348 -> 0.32313544 | O35: 5027.4462 | P35: =C35/O35*12 -> 71.692861 | Q35: =(K35*12/O35)/129.3348 -> 25.055487
B36: Spray Rose Dominica | C36: 22023 | D36: 225 | E36: =C36-D36 -> 21798 | F36: 16270 | G36: 0 | H36: =F36+G36 -> 16270 | I36: 620895.8 | J36: 0 | K36: =I36+J36 -> 620895.8 | L36: =F36/E36 -> 0.74639875 | M36: =I36/F36 -> 38.162004 | N36: =M36/129.3348 -> 0.29506369 | O36: 2357.1692 | P36: =C36/O36*12 -> 112.11584 | Q36: =(K36*12/O36)/129.3348 -> 24.439584
B37: Spray Rose Cheyenne | C37: 15502 | D37: 119 | E37: =C37-D37 -> 15383 | F37: 14570 | G37: 360 | H37: =F37+G37 -> 14930 | I37: 630031.23 | J37: 1241.38 | K37: =I37+J37 -> 631272.61 | L37: =F37/E37 -> 0.94714945 | M37: =I37/F37 -> 43.241677 | N37: =M37/129.3348 -> 0.33433907 | O37: 2481.2308 | P37: =C37/O37*12 -> 74.97247 | Q37: =(K37*12/O37)/129.3348 -> 23.605632
B38: Spray Rose Dinara | C38: 23432 | D38: 320 | E38: =C38-D38 -> 23112 | F38: 21830 | G38: 480 | H38: =F38+G38 -> 22310 | I38: 801093.59 | J38: 1655.17 | K38: =I38+J38 -> 802748.76 | L38: =F38/E38 -> 0.94453098 | M38: =I38/F38 -> 36.696912 | N38: =M38/129.3348 -> 0.28373579 | O38: 3225.6 | P38: =C38/O38*12 -> 87.172619 | Q38: =(K38*12/O38)/129.3348 -> 23.090588
B39: Spray Rose Yellow Babe | C39: 19471 | D39: 235 | E39: =C39-D39 -> 19236 | F39: 18440 | G39: 0 | H39: =F39+G39 -> 18440 | I39: 688027.69 | J39: 0 | K39: =I39+J39 -> 688027.69 | L39: =F39/E39 -> 0.95861926 | M39: =I39/F39 -> 37.311697 | N39: =M39/129.3348 -> 0.28848923 | O39: 2788.4308 | P39: =C39/O39*12 -> 83.793366 | Q39: =(K39*12/O39)/129.3348 -> 22.893485
B40: Spray Rose Sweet Sara | C40: 15196 | D40: 227 | E40: =C40-D40 -> 14969 | F40: 15940 | G40: 0 | H40: =F40+G40 -> 15940 | I40: 540116.56 | J40: 0 | K40: =I40+J40 -> 540116.56 | L40: =F40/E40 -> 1.0648674 | M40: =I40/F40 -> 33.884351 | N40: =M40/129.3348 -> 0.26198944 | O40: 2605.2923 | P40: =C40/O40*12 -> 69.992914 | Q40: =(K40*12/O40)/129.3348 -> 19.235208
B41: Spray Rose Salinero | C41: 47966 | D41: 189 | E41: =C41-D41 -> 47777 | F41: 28510 | G41: 2120 | H41: =F41+G41 -> 30630 | I41: 1039865.5 | J41: 7310.35 | K41: =I41+J41 -> 1047175.8 | L41: =F41/E41 -> 0.59673064 | M41: =I41/F41 -> 36.47371 | N41: =M41/129.3348 -> 0.28201002 | O41: 5055.5077 | P41: =C41/O41*12 -> 113.85444 | Q41: =(K41*12/O41)/129.3348 -> 19.218553
B42: Spray Rose Silver Shadow | C42: 19269 | D42: 256 | E42: =C42-D42 -> 19013 | F42: 12730 | G42: 960 | H42: =F42+G42 -> 13690 | I42: 498245.77 | J42: 3310.35 | K42: =I42+J42 -> 501556.12 | L42: =F42/E42 -> 0.66954189 | M42: =I42/F42 -> 39.139495 | N42: =M42/129.3348 -> 0.30262153 | O42: 2481.2308 | P42: =C42/O42*12 -> 93.190848 | Q42: =(K42*12/O42)/129.3348 -> 18.75505
B43: Spray Rose Fire Works Bi-Pink | C43: 14067 | D43: 219 | E43: =C43-D43 -> 13848 | F43: 14010 | G43: 0 | H43: =F43+G43 -> 14010 | I43: 490387.5 | J43: 0 | K43: =I43+J43 -> 490387.5 | L43: =F43/E43 -> 1.0116984 | M43: =I43/F43 -> 35.002677 | N43: =M43/129.3348 -> 0.27063618 | O43: 2481.2308 | P43: =C43/O43*12 -> 68.032366 | Q43: =(K43*12/O43)/129.3348 -> 18.337414
... B49: Spray Rose Snow Bubble | C49: 16899 | D49: 381 | E49: =C49-D49 -> 16518 | F49: 8910 | G49: 2800 | H49: =F49+G49 -> 11710 | I49: 299106.78 | J49: 9655.17 | K49: =I49+J49 -> 308761.95 | L49: =F49/E49 -> 0.53941155 | M49: =I49/F49 -> 33.569785 | N49: =M49/129.3348 -> 0.25955725 | O49: 2481.2308 | P49: =C49/O49*12 -> 81.728795 | Q49: =(K49*12/O49)/129.3348 -> 11.545758
B50: Spray Rose Wedding Party | C50: 23743 | D50: 425 | E50: =C50-D50 -> 23318 | F50: 13990 | G50: 2640 | H50: =F50+G50 -> 16630 | I50: 471616.91 | J50: 9103.44 | K50: =I50+J50 -> 480720.35 | L50: =F50/E50 -> 0.59996569 | M50: =I50/F50 -> 33.711001 | N50: =M50/129.3348 -> 0.26064912 | O50: 5009.7231 | P50: =C50/O50*12 -> 56.872605 | Q50: =(K50*12/O50)/129.3348 -> 8.9031694 | R50: To Replace
B51: Spray Rose Tarantella Yellow | C51: 19439 | D51: 255 | E51: =C51-D51 -> 19184 | F51: 7000 | G51: 120 | H51: =F51+G51 -> 7120 | I51: 233412.64 | J51: 413.79 | K51: =I51+J51 -> 233826.43 | L51: =F51/E51 -> 0.36488741 | M51: =I51/F51 -> 33.344663 | N51: =M51/129.3348 -> 0.25781663 | O51: 2481.2308 | P51: =C51/O51*12 -> 94.013021 | Q51: =(K51*12/O51)/129.3348 -> 8.7436405
B52: Spray Rose Trinity Cream Yellow | C52: 18694 | D52: 128 | E52: =C52-D52 -> 18566 | F52: 4750 | G52: 4360 | H52: =F52+G52 -> 9110 | I52: 214197.98 | J52: 15034.49 | K52: =I52+J52 -> 229232.47 | L52: =F52/E52 -> 0.25584402 | M52: =I52/F52 -> 45.094312 | N52: =M52/129.3348 -> 0.3486634 | O52: 2481.2308 | P52: =C52/O52*12 -> 90.40997 | Q52: =(K52*12/O52)/129.3348 -> 8.5718552
B53: Spray Rose Jalita | C53: 33436 | D53: 331 | E53: =C53-D53 -> 33105 | F53: 8340 | G53: 5380 | H53: =F53+G53 -> 13720 | I53: 263266.97 | J53: 18551.75 | K53: =I53+J53 -> 281818.72 | L53: =F53/E53 -> 0.25192569 | M53: =I53/F53 -> 31.566783 | N53: =M53/129.3348 -> 0.2440703 | O53: 4993.4769 | P53: =C53/O53*12 -> 80.351227 | Q53: =(K53*12/O53)/129.3348 -> 5.2363979
B54: SUB TOTAL | C54: =SUM(C25:C53) -> 857663 | D54: =SUM(D25:D53) -> 8409 | E54: =SUM(E25:E53) -> 849254 | F54: =SUM(F25:F53) -> 705200 | G54: =SUM(G25:G53) -> 34760 | H54: =SUM(H25:H53) -> 739960 | I54: =SUM(I25:I53) -> 25935459 | J54: =SUM(J25:J53) -> 119862.05 | K54: =SUM(K25:K53) -> 26055321 | L54: =F54/E54 -> 0.83037584 | M54: =I54/F54 -> 36.777452 | N54: =M54/129.3348 -> 0.28435852 | O54: =SUM(O25:O53) -> 106988.31 | P54: =(C54/O54)*12 -> 96.197016 | Q54: =(K54*12/O54)/129.3348 -> 22.595709
B55: % | D55: =D54/C54 -> 0.0098045503 | E55: =E54/C54 -> 0.99019545
B57: GRAND TOTAL | C57: =C22+C54 -> 2398882 | D57: =D22+D54 -> 17421 | E57: =E22+E54 -> 2381461 | F57: =F22+F54 -> 1818470 | G57: =G22+G54 -> 108900 | H57: =H22+H54 -> 1927370 | I57: =I22+I54 -> 45677468 | J57: =J22+J54 -> 342431.04 | K57: =K22+K54 -> 46019899 | L57: =F57/(E57) -> 0.76359428 | M57: =I57/F57 -> 25.118626 | N57: =M57/129.3348 -> 0.19421398 | O57: =O54+O22 -> 193940.68 | P57: =(C57/O57)*12 -> 148.42984 | Q57: =(K57*12/O57)/129.3348 -> 22.016212
B58: % | D58: =D57/C57 -> 0.0072621329 | E58: =E57/C57 -> 0.99273787
B60: Notes
A61: 1 | B61: Ranked by Revenue / SQM
A62: 2 | B62: Exports were at 73% for Standard Roses and 83% for Spray roses whose combined average is 77%.
A63: 3 | B63: Standard Roses achieved a prorated revenue / SQM of USD 21.43, Spray Roses achieved a prorated revenue / SQM of USD 22.62 whose combined average is USD 22.09/SQM.
A64: 4 | B64: Rejection Rate for Standard Roses was 0.58% While that of Spray Roses was 0.98% - Average Rejection rate was 0.73% of Production.
A65: 5 | B65: Standard Roses achieved a prorated production / SQM of 213 Stems, Spray Roses achieved a prorated Production / SQM of 96 Stems whose combined average is 148 Stems /SQM.
A66: 6 | B66: Standard Roses achieved an average price of USD 0.14/ Stem, Spray Roses achieved an average price of USD 0.28 / Stems whose combined average price USD 0.19 /Stem.
A67: 7 | B67: Above computation is on Weighted Average USD Exchange Rate for March 2025 I.E 129.3348
B69: Particulars | C69: SQM
B70: Standard Roses | C70: =O22 -> 86952.369
B71: Spray Roses | C71: =O54 -> 106988.31
B72: Trials | C72: 1612.8
B73: Root Stocks | C73: 2171.0769
B74: Total Area | C74: =SUM(C70:C73) -> 197724.55

Sheet April 2025 - Prodn & Sales
B1: ZEEFLORA LIMITED
B2: PERFORMANCE PER VARIETY ANALYSIS
B3: 45777
B4: Description | C4: Production -Qty | D4: Rejection | E4: Sellable / Available for Sale | F4: Sales - Qty Export | G4: Sales - Qty Local | H4: Total Sales - Qty | I4: Export Sales -KES | J4: Local Sales KES | K4: Total Sales- KES | L4: % Export Sales | M4: Average Export Price KES | N4: Average Export Price USD | O4: Area SQM | P4: Production Per SQM | Q4: Revenue / SQM- USD
B5: STANDARD ROSES
B6: Rose Madam Cerise | C6: 34870 | D6: 285 | E6: =C6-D6 -> 34585 | F6: 37510 | G6: 600 | H6: =F6+G6 -> 38110 | I6: 544906.37 | J6: 1810.35 | K6: =I6+J6 -> 546716.72 | L6: =F6/E6 -> 1.0845742 | M6: =I6/F6 -> 14.526963 | N6: =M6/129.3434 -> 0.11231313 | O6: 2109.0462 | P6: =C6/O6*12 -> 198.40249 | Q6: =(K6*12/O6)/129.3434 -> 24.049898
B7: Rose Jumilia Bicolour Pink | C7: 152570 | D7: 492 | E7: =C7-D7 -> 152078 | F7: 119779 | G7: 14460 | H7: =F7+G7 -> 134239 | I7: 1972178.7 | J7: 44586.25 | K7: =I7+J7 -> 2016765 | L7: =F7/E7 -> 0.78761557 | M7: =I7/F7 -> 16.465146 | N7: =M7/129.3434 -> 0.12729792 | O7: 8684.3077 | P7: =C7/O7*12 -> 210.82164 | Q7: =(K7*12/O7)/129.3434 -> 21.545524
B8: Rose Trivia Pale Pink | C8: 97656 | D8: 300 | E8: =C8-D8 -> 97356 | F8: 81793 | G8: 10060 | H8: =F8+G8 -> 91853 | I8: 1169408.5 | J8: 30534.51 | K8: =I8+J8 -> 1199943 | L8: =F8/E8 -> 0.84014339 | M8: =I8/F8 -> 14.297171 | N8: =M8/129.3434 -> 0.11053653 | O8: 5334.6462 | P8: =C8/O8*12 -> 219.67193 | Q8: =(K8*12/O8)/129.3434 -> 20.868535
B9: Rose Ace Cerise | C9: 58102 | D9: 298 | E9: =C9-D9 -> 57804 | F9: 47092 | G9: 7960 | H9: =F9+G9 -> 55052 | I9: 725559.17 | J9: 24017.24 | K9: =I9+J9 -> 749576.41 | L9: =F9/E9 -> 0.8146841 | M9: =I9/F9 -> 15.40727 | N9: =M9/129.3434 -> 0.11911911 | O9: 3349.6615 | P9: =C9/O9*12 -> 208.1476 | Q9: =(K9*12/O9)/129.3434 -> 20.761176
B10: Rose Celeb Salmon Pink | C10: 61653 | D10: 369 | E10: =C10-D10 -> 61284 | F10: 56695 | G10: 3100 | H10: =F10+G10 -> 59795 | I10: 1120135.3 | J10: 9508.63 | K10: =I10+J10 -> 1129643.9 | L10: =F10/E10 -> 0.92511912 | M10: =I10/F10 -> 19.757215 | N10: =M10/129.3434 -> 0.15275008 | O10: 5371.8646 | P10: =C10/O10*12 -> 137.72425 | Q10: =(K10*12/O10)/129.3434 -> 19.50983
B11: Rose Goldfinch | C11: 74492 | D11: 339 | E11: =C11-D11 -> 74153 | F11: 60432 | G11: 10360 | H11: =F11+G11 -> 70792 | I11: 969807.19 | J11: 31672.44 | K11: =I11+J11 -> 1001479.6 | L11: =F11/E11 -> 0.81496366 | M11: =I11/F11 -> 16.047908 | N11: =M11/129.3434 -> 0.12407211 | O11: 4794.0923 | P11: =C11/O11*12 -> 186.45949 | Q11: =(K11*12/O11)/129.3434 -> 19.380845
B12: Rose Pegasso White | C12: 54150 | D12: 717 | E12: =C12-D12 -> 53433 | F12: 44591 | G12: 5080 | H12: =F12+G12 -> 49671 | I12: 1012766 | J12: 15327.6 | K12: =I12+J12 -> 1028093.6 | L12: =F12/E12 -> 0.83452174 | M12: =I12/F12 -> 22.712341 | N12: =M12/129.3434 -> 0.17559721 | O12: 4962.4615 | P12: =C12/O12*12 -> 130.94308 | Q12: =(K12*12/O12)/129.3434 -> 19.220845
B13: Rose Athena White | C13: 140800 | D13: 561 | E13: =C13-D13 -> 140239 | F13: 98347 | G13: 64060 | H13: =F13+G13 -> 162407 | I13: 1347862.5 | J13: 191836.23 | K13: =I13+J13 -> 1539698.7 | L13: =F13/E13 -> 0.70128138 | M13: =I13/F13 -> 13.705171 | N13: =M13/129.3434 -> 0.10595957 | O13: 10545.231 | P13: =C13/O13*12 -> 160.22409 | Q13: =(K13*12/O13)/129.3434 -> 13.546174
B14: Rose Madam Red | C14: 77150 | D14: 379 | E14: =C14-D14 -> 76771 | F14: 74115 | G14: 39980 | H14: =F14+G14 -> 114095 | I14: 1083087.7 | J14: 116077.61 | K14: =I14+J14 -> 1199165.3 | L14: =F14/E14 -> 0.9654036 | M14: =I14/F14 -> 14.61361 | N14: =M14/129.3434 -> 0.11298303 | O14: 8374.1538 | P14: =C14/O14*12 -> 110.55445 | Q14: =(K14*12/O14)/129.3434 -> 13.285414
B15: Rose Espana Bi-Color | C15: 72048 | D15: 274 | E15: =C15-D15 -> 71774 | F15: 47366 | G15: 17780 | H15: =F15+G15 -> 65146 | I15: 705233.56 | J15: 53646.55 | K15: =I15+J15 -> 758880.11 | L15: =F15/E15 -> 0.65993257 | M15: =I15/F15 -> 14.889025 | N15: =M15/129.3434 -> 0.11511237 | O15: 5302.1538 | P15: =C15/O15*12 -> 163.06128 | Q15: =(K15*12/O15)/129.3434 -> 13.278769
B16: Rose Kamala Red | C16: 102761 | D16: 480 | E16: =C16-D16 -> 102281 | F16: 90099 | G16: 23040 | H16: =F16+G16 -> 113139 | I16: 1281833.5 | J16: 71767.25 | K16: =I16+J16 -> 1353600.8 | L16: =F16/E16 -> 0.88089675 | M16: =I16/F16 -> 14.226945 | N16: =M16/129.3434 -> 0.10999359 | O16: 10048.985 | P16: =C16/O16*12 -> 122.7121 | Q16: =(K16*12/O16)/129.3434 -> 12.496989
B17: Rose Indigo | C17: 39924 | D17: 305 | E17: =C17-D17 -> 39619 | F17: 18924 | G17: 5500 | H17: =F17+G17 -> 24424 | I17: 235269.4 | J17: 17163.79 | K17: =I17+J17 -> 252433.19 | L17: =F17/E17 -> 0.47764961 | M17: =I17/F17 -> 12.432329 | N17: =M17/129.3434 -> 0.096118776 | O17: 2357.1692 | P17: =C17/O17*12 -> 203.24718 | Q17: =(K17*12/O17)/129.3434 -> 9.9355672
... B19: Rose Confidential | C19: 51398 | D19: 303 | E19: =C19-D19 -> 51095 | F19: 23388 | G19: 20900 | H19: =F19+G19 -> 44288 | I19: 341169.62 | J19: 63060.37 | K19: =I19+J19 -> 404229.99 | L19: =F19/E19 -> 0.45773559 | M19: =I19/F19 -> 14.587379 | N19: =M19/129.3434 -> 0.11278023 | O19: 4962.4615 | P19: =C19/O19*12 -> 124.28832 | Q19: =(K19*12/O19)/129.3434 -> 7.5573294
B20: Rose Moonwalk Yellow | C20: 22938 | D20: 189 | E20: =C20-D20 -> 22749 | F20: 18418 | G20: 460 | H20: =F20+G20 -> 18878 | I20: 238624.54 | J20: 1387.93 | K20: =I20+J20 -> 240012.47 | L20: =F20/E20 -> 0.80961801 | M20: =I20/F20 -> 12.956051 | N20: =M20/129.3434 -> 0.10016785 | O20: 2977.4769 | P20: =C20/O20*12 -> 92.446057 | Q20: =(K20*12/O20)/129.3434 -> 7.4786356 | R20: To Replace
B21: Rose Copacabana Orange | C21: 50967 | D21: 233 | E21: =C21-D21 -> 50734 | F21: 21640 | G21: 14780 | H21: =F21+G21 -> 36420 | I21: 353928.53 | J21: 45241.37 | K21: =I21+J21 -> 399169.9 | L21: =F21/E21 -> 0.42653842 | M21: =I21/F21 -> 16.355293 | N21: =M21/129.3434 -> 0.12644861 | O21: 5173.3662 | P21: =C21/O21*12 -> 118.22167 | Q21: =(K21*12/O21)/129.3434 -> 7.158492
B22: SUB TOTAL | C22: =SUM(C6:C21) -> 1122033 | D22: =SUM(D6:D21) -> 5705 | E22: =SUM(E6:E21) -> 1116328 | F22: =SUM(F6:F21) -> 859355 | G22: =SUM(G6:G21) -> 246900 | H22: =SUM(H6:H21) -> 1106255 | I22: =SUM(I6:I21) -> 13352627 | J22: =SUM(J6:J21) -> 744129.52 | K22: =SUM(K6:K21) -> 14096757 | L22: =F22/E22 -> 0.76980511 | M22: =I22/F22 -> 15.537964 | N22: =M22/129.3434 -> 0.12012955 | O22: =SUM(O6:O21) -> 86952.369 | P22: =C22/O22*12 -> 154.84795 | Q22: =(K22*12/O22)/129.3434 -> 15.040933
B23: % | D23: =D22/C22 -> 0.0050845207 | E23: =E22/C22 -> 0.99491548
B24: SPRAY ROSES
B25: Spray Rose Snowflake White | C25: 38550 | D25: 354 | E25: =C25-D25 -> 38196 | F25: 48200 | G25: 1980 | H25: =F25+G25 -> 50180 | I25: 1754286 | J25: 6543.11 | K25: =I25+J25 -> 1760829.1 | L25: =F25/E25 -> 1.2619122 | M25: =I25/F25 -> 36.395975 | N25: =M25/129.3434 -> 0.28139028 | O25: 5210.5846 | P25: =C25/O25*12 -> 88.780825 | Q25: =(K25*12/O25)/129.3434 -> 31.352179
B26: Spray Rose Eileen | C26: 31083 | D26: 76 | E26: =C26-D26 -> 31007 | F26: 21440 | G26: 3900 | H26: =F26+G26 -> 25340 | I26: 718241.81 | J26: 13129.32 | K26: =I26+J26 -> 731371.13 | L26: =F26/E26 -> 0.69145677 | M26: =I26/F26 -> 33.500084 | N26: =M26/129.3434 -> 0.25900111 | O26: 2605.2923 | P26: =C26/O26*12 -> 143.16858 | Q26: =(K26*12/O26)/129.3434 -> 26.044638
B27: Spray Rose Marisa Yellow | C27: 22034 | D27: 131 | E27: =C27-D27 -> 21903 | F27: 19250 | G27: 3180 | H27: =F27+G27 -> 22430 | I27: 708731.15 | J27: 11068.97 | K27: =I27+J27 -> 719800.12 | L27: =F27/E27 -> 0.87887504 | M27: =I27/F27 -> 36.817203 | N27: =M27/129.3434 -> 0.28464694 | O27: 2667.3231 | P27: =C27/O27*12 -> 99.128599 | Q27: =(K27*12/O27)/129.3434 -> 25.03648
B28: Spray Rose Good Mood | C28: 43411 | D28: 185 | E28: =C28-D28 -> 43226 | F28: 35050 | G28: 460 | H28: =F28+G28 -> 35510 | I28: 1339593.5 | J28: 1482.76 | K28: =I28+J28 -> 1341076.3 | L28: =F28/E28 -> 0.81085458 | M28: =I28/F28 -> 38.219501 | N28: =M28/129.3434 -> 0.29548861 | O28: 5027.4462 | P28: =C28/O28*12 -> 103.61762 | Q28: =(K28*12/O28)/129.3434 -> 24.748166
B29: Spray Rose Odilia Pink | C29: 52109 | D29: 207 | E29: =C29-D29 -> 51902 | F29: 33270 | G29: 4320 | H29: =F29+G29 -> 37590 | I29: 1219368.9 | J29: 14017.23 | K29: =I29+J29 -> 1233386.1 | L29: =F29/E29 -> 0.64101576 | M29: =I29/F29 -> 36.650703 | N29: =M29/129.3434 -> 0.28335967 | O29: 5024.4923 | P29: =C29/O29*12 -> 124.45198 | Q29: =(K29*12/O29)/129.3434 -> 22.774237
B30: Spray Rose Dinara | C30: 28540 | D30: 160 | E30: =C30-D30 -> 28380 | F30: 22100 | G30: 240 | H30: =F30+G30 -> 22340 | I30: 785958.35 | J30: 827.59 | K30: =I30+J30 -> 786785.94 | L30: =F30/E30 -> 0.77871741 | M30: =I30/F30 -> 35.563726 | N30: =M30/129.3434 -> 0.27495586 | O30: 3225.6 | P30: =C30/O30*12 -> 106.1756 | Q30: =(K30*12/O30)/129.3434 -> 22.629922
B31: Spray Rose Fire Works Bi-Pink | C31: 16594 | D31: 124 | E31: =C31-D31 -> 16470 | F31: 14620 | H31: =F31+G31 -> 14620 | I31: 580837.94 | K31: =I31+J31 -> 580837.94 | L31: =F31/E31 -> 0.88767456 | M31: =I31/F31 -> 39.728997 | N31: =M31/129.3434 -> 0.30715906 | O31: 2481.2308 | P31: =C31/O31*12 -> 80.25372 | Q31: =(K31*12/O31)/129.3434 -> 21.718248
B32: Spray Rose Reflex Bicolour | C32: 65138 | D32: 181 | E32: =C32-D32 -> 64957 | F32: 45350 | G32: 3800 | H32: =F32+G32 -> 49150 | I32: 1626848.1 | J32: 12844.84 | K32: =I32+J32 -> 1639692.9 | L32: =F32/E32 -> 0.69815416 | M32: =I32/F32 -> 35.873166 | N32: =M32/129.3434 -> 0.27734825 | O32: 7381.6615 | P32: =C32/O32*12 -> 105.89161 | Q32: =(K32*12/O32)/129.3434 -> 20.608452
B33: Spray Rose Babe Orange | C33: 46497 | D33: 154 | E33: =C33-D33 -> 46343 | F33: 30350 | G33: 2020 | H33: =F33+G33 -> 32370 | I33: 1065600.1 | J33: 6250 | K33: =I33+J33 -> 1071850.1 | L33: =F33/E33 -> 0.65489934 | M33: =I33/F33 -> 35.110382 | N33: =M33/129.3434 -> 0.2714509 | O33: 5148.5538 | P33: =C33/O33*12 -> 108.37296 | Q33: =(K33*12/O33)/129.3434 -> 19.314602
B34: Spray Rose Lianne Pink | C34: 41995 | D34: 160 | E34: =C34-D34 -> 41835 | F34: 28770 | G34: 3120 | H34: =F34+G34 -> 31890 | I34: 1007011.9 | J34: 10034.49 | K34: =I34+J34 -> 1017046.4 | L34: =F34/E34 -> 0.68770169 | M34: =I34/F34 -> 35.002153 | N34: =M34/129.3434 -> 0.27061414 | O34: 5024.4923 | P34: =C34/O34*12 -> 100.2967 | Q34: =(K34*12/O34)/129.3434 -> 18.779567
B35: Spray Rose Fancy | C35: 17541 | D35: 143 | E35: =C35-D35 -> 17398 | F35: 12240 | G35: 840 | H35: =F35+G35 -> 13080 | I35: 465301.78 | J35: 2793.11 | K35: =I35+J35 -> 468094.89 | L35: =F35/E35 -> 0.70352914 | M35: =I35/F35 -> 38.014851 | N35: =M35/129.3434 -> 0.29390639 | O35: 2357.1692 | P35: =C35/O35*12 -> 89.298637 | Q35: =(K35*12/O35)/129.3434 -> 18.423838
B36: Spray Rose Leila Pink | C36: 9409 | D36: 109 | E36: =C36-D36 -> 9300 | F36: 8530 | H36: =F36+G36 -> 8530 | I36: 311562.54 | K36: =I36+J36 -> 311562.54 | L36: =F36/E36 -> 0.9172043 | M36: =I36/F36 -> 36.525503 | N36: =M36/129.3434 -> 0.2823917 | O36: 1736.8615 | P36: =C36/O36*12 -> 65.006909 | Q36: =(K36*12/O36)/129.3434 -> 16.64244
B37: Spray Rose Salinero | C37: 37047 | D37: 175 | E37: =C37-D37 -> 36872 | F37: 24560 | G37: 3160 | H37: =F37+G37 -> 27720 | I37: 891604.63 | J37: 10499.99 | K37: =I37+J37 -> 902104.62 | L37: =F37/E37 -> 0.66608809 | M37: =I37/F37 -> 36.30312 | N37: =M37/129.3434 -> 0.28067238 | O37: 5055.5077 | P37: =C37/O37*12 -> 87.936569 | Q37: =(K37*12/O37)/129.3434 -> 16.554997
B38: Spray Rose Sweet Sara | C38: 13703 | D38: 80 | E38: =C38-D38 -> 13623 | F38: 12700 | G38: 840 | H38: =F38+G38 -> 13540 | I38: 447788.6 | J38: 2844.83 | K38: =I38+J38 -> 450633.43 | L38: =F38/E38 -> 0.93224694 | M38: =I38/F38 -> 35.258945 | N38: =M38/129.3434 -> 0.27259949 | O38: 2605.2923 | P38: =C38/O38*12 -> 63.116142 | Q38: =(K38*12/O38)/129.3434 -> 16.047372
B39: Spray Rose Yellow Babe | C39: 14655 | D39: 108 | E39: =C39-D39 -> 14547 | F39: 12590 | G39: 580 | H39: =F39+G39 -> 13170 | I39: 465771.35 | J39: 1844.83 | K39: =I39+J39 -> 467616.18 | L39: =F39/E39 -> 0.86547054 | M39: =I39/F39 -> 36.995342 | N39: =M39/129.3434 -> 0.28602419 | O39: 2788.4308 | P39: =C39/O39*12 -> 63.06773 | Q39: =(K39*12/O39)/129.3434 -> 15.558461
B40: Spray Rose Tessa | C40: 27973 | D40: 162 | E40: =C40-D40 -> 27811 | F40: 12580 | G40: 2400 | H40: =F40+G40 -> 14980 | I40: 428512.81 | J40: 7758.62 | K40: =I40+J40 -> 436271.43 | L40: =F40/E40 -> 0.452339 | M40: =I40/F40 -> 34.063021 | N40: =M40/129.3434 -> 0.26335338 | O40: 2667.3231 | P40: =C40/O40*12 -> 125.84752 | Q40: =(K40*12/O40)/129.3434 -> 15.17463
B41: Spray Rose Mirabel | C41: 56639 | D41: 240 | E41: =C41-D41 -> 56399 | F41: 38890 | G41: 3340 | H41: =F41+G41 -> 42230 | I41: 1353883.1 | J41: 11258.63 | K41: =I41+J41 -> 1365141.7 | L41: =F41/E41 -> 0.68955123 | M41: =I41/F41 -> 34.813143 | N41: =M41/129.3434 -> 0.26915283 | O41: 8436.1846 | P41: =C41/O41*12 -> 80.565804 | Q41: =(K41*12/O41)/129.3434 -> 15.01304
B42: Spray Rose Silver Shadow | C42: 17221 | D42: 119 | E42: =C42-D42 -> 17102 | F42: 10750 | G42: 1200 | H42: =F42+G42 -> 11950 | I42: 369331.08 | J42: 4034.48 | K42: =I42+J42 -> 373365.56 | L42: =F42/E42 -> 0.62858145 | M42: =I42/F42 -> 34.35638 | N42: =M42/129.3434 -> 0.26562144 | O42: 2481.2308 | P42: =C42/O42*12 -> 83.286086 | Q42: =(K42*12/O42)/129.3434 -> 13.9606
B43: Spray Rose Cheyenne | C43: 17289 | D43: 68 | E43: =C43-D43 -> 17221 | F43: 9320 | G43: 720 | H43: =F43+G43 -> 10040 | I43: 352714.91 | J43: 2224.14 | K43: =I43+J43 -> 354939.05 | L43: =F43/E43 -> 0.5411997 | M43: =I43/F43 -> 37.844947 | N43: =M43/129.3434 -> 0.2925928 | O43: 2481.2308 | P43: =C43/O43*12 -> 83.614955 | Q43: =(K43*12/O43)/129.3434 -> 13.27161
B44: Spray Rose Royal Porcelina Cream | C44: 36121 | D44: 146 | E44: =C44-D44 -> 35975 | F44: 13940 | G44: 6140 | H44: =F44+G44 -> 20080 | I44: 496904.94 | J44: 21025.88 | K44: =I44+J44 -> 517930.82 | L44: =F44/E44 -> 0.38749131 | M44: =I44/F44 -> 35.645978 | N44: =M44/129.3434 -> 0.27559178 | O44: 4652.3077 | P44: =C44/O44*12 -> 93.169246 | Q44: =(K44*12/O44)/129.3434 -> 10.328572
B45: Spray Rose Tarantella Yellow | C45: 19072 | D45: 73 | E45: =C45-D45 -> 18999 | F45: 7160 | H45: =F45+G45 -> 7160 | I45: 263525.34 | K45: =I45+J45 -> 263525.34 | L45: =F45/E45 -> 0.37686194 | M45: =I45/F45 -> 36.805215 | N45: =M45/129.3434 -> 0.28455426 | O45: 2481.2308 | P45: =C45/O45*12 -> 92.238095 | Q45: =(K45*12/O45)/129.3434 -> 9.853538
B46: Spray Rose Azore | C46: 16933 | D46: 142 | E46: =C46-D46 -> 16791 | F46: 6980 | G46: 120 | H46: =F46+G46 -> 7100 | I46: 265993.11 | J46: 362.07 | K46: =I46+J46 -> 266355.18 | L46: =F46/E46 -> 0.41569889 | M46: =I46/F46 -> 38.107895 | N46: =M46/129.3434 -> 0.29462574 | O46: 3039.5077 | P46: =C46/O46*12 -> 66.851616 | Q46: =(K46*12/O46)/129.3434 -> 8.130081
B47: Spray Rose Dominica | C47: 11304 | D47: 58 | E47: =C47-D47 -> 11246 | F47: 4880 | G47: 1440 | H47: =F47+G47 -> 6320 | I47: 199043.04 | J47: 4448.28 | K47: =I47+J47 -> 203491.32 | L47: =F47/E47 -> 0.43393206 | M47: =I47/F47 -> 40.787508 | N47: =M47/129.3434 -> 0.31534279 | O47: 2357.1692 | P47: =C47/O47*12 -> 57.546992 | Q47: =(K47*12/O47)/129.3434 -> 8.0092546
B48: Spray Rose Jalita | C48: 34696 | D48: 225 | E48: =C48-D48 -> 34471 | F48: 11010 | G48: 10360 | H48: =F48+G48 -> 21370 | I48: 368780.71 | J48: 34818.98 | K48: =I48+J48 -> 403599.69 | L48: =F48/E48 -> 0.31939892 | M48: =I48/F48 -> 33.495069 | N48: =M48/129.3434 -> 0.25896234 | O48: 4993.4769 | P48: =C48/O48*12 -> 83.379178 | Q48: =(K48*12/O48)/129.3434 -> 7.4986788
B49: Spray Rose Zadique | C49: 9543 | D49: 61 | E49: =C49-D49 -> 9482 | F49: 5860 | G49: 2040 | H49: =F49+G49 -> 7900 | I49: 202282.92 | J49: 7034.48 | K49: =I49+J49 -> 209317.4 | L49: =F49/E49 -> 0.61801308 | M49: =I49/F49 -> 34.51927 | N49: =M49/129.3434 -> 0.2668808 | O49: 2605.2923 | P49: =C49/O49*12 -> 43.955145 | Q49: =(K49*12/O49)/129.3434 -> 7.4539392
B50: Spray Rose Sweet Blossoms | C50: 18333 | D50: 85 | E50: =C50-D50 -> 18248 | F50: 5400 | G50: 1680 | H50: =F50+G50 -> 7080 | I50: 177888.4 | J50: 5379.3 | K50: =I50+J50 -> 183267.7 | L50: =F50/E50 -> 0.29592284 | M50: =I50/F50 -> 32.942296 | N50: =M50/129.3434 -> 0.25468865 | O50: 2481.2308 | P50: =C50/O50*12 -> 88.664063 | Q50: =(K50*12/O50)/129.3434 -> 6.8526057
B51: Spray Rose Snow Bubble | C51: 11835 | D51: 119 | E51: =C51-D51 -> 11716 | F51: 4220 | G51: 1560 | H51: =F51+G51 -> 5780 | I51: 158699 | J51: 5327.59 | K51: =I51+J51 -> 164026.59 | L51: =F51/E51 -> 0.36019119 | M51: =I51/F51 -> 37.606398 | N51: =M51/129.3434 -> 0.29074849 | O51: 2481.2308 | P51: =C51/O51*12 -> 57.237723 | Q51: =(K51*12/O51)/129.3434 -> 6.1331568
B52: Spray Rose Wedding Party | C52: 15916 | D52: 190 | E52: =C52-D52 -> 15726 | F52: 9050 | G52: 3220 | H52: =F52+G52 -> 12270 | I52: 320564.33 | J52: 10482.75 | K52: =I52+J52 -> 331047.08 | L52: =F52/E52 -> 0.5754801 | M52: =I52/F52 -> 35.421473 | N52: =M52/129.3434 -> 0.27385605 | O52: 5009.7231 | P52: =C52/O52*12 -> 38.124263 | Q52: =(K52*12/O52)/129.3434 -> 6.1307416 | R52: To Replace
B53: Spray Rose Trinity Cream Yellow | C53: 17143 | D53: 50 | E53: =C53-D53 -> 17093 | F53: 2380 | G53: 4640 | H53: =F53+G53 -> 7020 | I53: 93174.52 | J53: 15853.45 | K53: =I53+J53 -> 109027.97 | L53: =F53/E53 -> 0.13923828 | M53: =I53/F53 -> 39.148958 | N53: =M53/129.3434 -> 0.30267457 | O53: 2481.2308 | P53: =C53/O53*12 -> 82.908854 | Q53: =(K53*12/O53)/129.3434 -> 4.0766905
B54: SUB TOTAL | C54: =SUM(C25:C53) -> 788324 | D54: =SUM(D25:D53) -> 4085 | E54: =SUM(E25:E53) -> 784239 | F54: =SUM(F25:F53) -> 511440 | G54: =SUM(G25:G53) -> 67300 | H54: =SUM(H25:H53) -> 578740 | I54: =SUM(I25:I53) -> 18439805 | J54: =SUM(J25:J53) -> 224189.72 | K54: =SUM(K25:K53) -> 18663995 | L54: =F54/E54 -> 0.65214813 | M54: =I54/F54 -> 36.054679 | N54: =M54/129.3434 -> 0.27875159 | O54: =SUM(O25:O53) -> 106988.31 | P54: =(C54/O54)*12 -> 88.41983 | Q54: =(K54*12/O54)/129.3434 -> 16.184722
B55: % | D55: =D54/C54 -> 0.0051818795 | E55: =E54/C54 -> 0.99481812
B57: GRAND TOTAL | C57: =C22+C54 -> 1910357 | D57: =D22+D54 -> 9790 | E57: =E22+E54 -> 1900567 | F57: =F22+F54 -> 1370795 | G57: =G22+G54 -> 314200 | H57: =H22+H54 -> 1684995 | I57: =I22+I54 -> 31792432 | J57: =J22+J54 -> 968319.24 | K57: =K22+K54 -> 32760752 | L57: =F57/(E57) -> 0.72125581 | M57: =I57/F57 -> 23.192696 | N57: =M57/129.3434 -> 0.17931102 | O57: =O54+O22 -> 193940.68 | P57: =(C57/O57)*12 -> 118.20256 | Q57: =(K57*12/O57)/129.3434 -> 15.67191
B58: % | D58: =D57/C57 -> 0.0051246966 | E58: =E57/C57 -> 0.9948753
B60: Notes
A61: 1 | B61: Ranked by Revenue / SQM
A62: 2 | B62: Exports were at 77% for Standard Roses and 65% for Spray roses whose combined average is 72%.
A63: 3 | B63: Standard Roses achieved a prorated revenue / SQM of USD 15.04, Spray Roses achieved a prorated revenue / SQM of USD 16.18 whose combined average is USD 15.67/SQM.
A64: 4 | B64: Rejection Rate for Standard Roses was 0.51% While that of Spray Roses was 0.52% - Average Rejection rate was 0.51% of Production.
A65: 5 | B65: Standard Roses achieved a prorated production / SQM of 115 Stems, Spray Roses achieved a prorated Production / SQM of 88 Stems whose combined average is 118 Stems /SQM.
A66: 6 | B66: Standard Roses achieved an average price of USD 0.12/ Stem, Spray Roses achieved an average price of USD 0.28 / Stems whose combined average price USD 0.18 /Stem.
A67: 7 | B67: Above computation is on Weighted Average USD Exchange Rate for March 2025 I.E 129.3434
B69: Particulars | C69: SQM
B70: Standard Roses | C70: =O22 -> 86952.369
B71: Spray Roses | C71: =O54 -> 106988.31
B72: Trials | C72: 1612.8
B73: Root Stocks | C73: 2171.0769
B74: Total Area | C74: =SUM(C70:C73) -> 197724.55

Sheet April - Colour Code
B1: ZEEFLORA LIMITED
B2: PERFORMANCE PER VARIETY ANALYSIS
B3: 45777
B4: Description | C4: Production -Qty | D4: Rejection | E4: Sellable / Available for Sale | F4: Sales - Qty Export | G4: Sales - Qty Local | H4: Total Sales - Qty | I4: Export Sales -KES | J4: Local Sales KES | K4: Total Sales- KES | L4: % Export Sales | M4: Average Export Price KES | N4: Average Export Price USD | O4: Area SQM | P4: Production Per SQM | Q4: Revenue / SQM- USD
B5: STANDARD ROSES
B6: Rose Madam Cerise | C6: ='April 2025 - Prodn & Sales'!C6 -> 34870 | D6: ='April 2025 - Prodn & Sales'!D6 -> 285 | E6: ='April 2025 - Prodn & Sales'!E6 -> 34585 | F6: ='April 2025 - Prodn & Sales'!F6 -> 37510 | G6: ='April 2025 - Prodn & Sales'!G6 -> 600 | H6: ='April 2025 - Prodn & Sales'!H6 -> 38110 | I6: ='April 2025 - Prodn & Sales'!I6 -> 544906.37 | J6: ='April 2025 - Prodn & Sales'!J6 -> 1810.35 | K6: ='April 2025 - Prodn & Sales'!K6 -> 546716.72 | L6: =(F6+F7)/(E6+E7) -> 0.91571507 | M6: =I6/F6 -> 14.526963 | N6: =M6/129.3434 -> 0.11231313 | O6: ='Jan 2025-Prodn & Sales Analysis'!O6 -> 2109.0462 | P6: =C6/O6*12 -> 198.40249 | Q6: =(K6+K7)*12/(O6+O7)/129.3434 -> 22.031819
B7: Rose Ace Cerise | C7: ='April 2025 - Prodn & Sales'!C9 -> 58102 | D7: ='April 2025 - Prodn & Sales'!D9 -> 298 | E7: ='April 2025 - Prodn & Sales'!E9 -> 57804 | F7: ='April 2025 - Prodn & Sales'!F9 -> 47092 | G7: ='April 2025 - Prodn & Sales'!G9 -> 7960 | H7: ='April 2025 - Prodn & Sales'!H9 -> 55052 | I7: ='April 2025 - Prodn & Sales'!I9 -> 725559.17 | J7: ='April 2025 - Prodn & Sales'!J9 -> 24017.24 | K7: ='April 2025 - Prodn & Sales'!K9 -> 749576.41 | M7: =I7/F7 -> 15.40727 | N7: =M7/129.3434 -> 0.11911911 | O7: ='Jan 2025-Prodn & Sales Analysis'!O13 -> 3349.6615 | P7: =C7/O7*12 -> 208.1476
B8: Rose Celeb Salmon Pink | C8: ='April 2025 - Prodn & Sales'!C10 -> 61653 | D8: ='April 2025 - Prodn & Sales'!D10 -> 369 | E8: ='April 2025 - Prodn & Sales'!E10 -> 61284 | F8: ='April 2025 - Prodn & Sales'!F10 -> 56695 | G8: ='April 2025 - Prodn & Sales'!G10 -> 3100 | H8: ='April 2025 - Prodn & Sales'!H10 -> 59795 | I8: ='April 2025 - Prodn & Sales'!I10 -> 1120135.3 | J8: ='April 2025 - Prodn & Sales'!J10 -> 9508.63 | K8: ='April 2025 - Prodn & Sales'!K10 -> 1129643.9 | L8: =F8/E8 -> 0.92511912 | M8: =I8/F8 -> 19.757215 | N8: =M8/129.3434 -> 0.15275008 | O8: ='Jan 2025-Prodn & Sales Analysis'!O14 -> 4794.0923 | P8: =C8/O8*12 -> 154.32244 | Q8: =(K8*12/O8)/129.3434 -> 21.861107
B9: Rose Jumilia Bicolour Pink | C9: ='April 2025 - Prodn & Sales'!C7 -> 152570 | D9: ='April 2025 - Prodn & Sales'!D7 -> 492 | E9: ='April 2025 - Prodn & Sales'!E7 -> 152078 | F9: ='April 2025 - Prodn & Sales'!F7 -> 119779 | G9: ='April 2025 - Prodn & Sales'!G7 -> 14460 | H9: ='April 2025 - Prodn & Sales'!H7 -> 134239 | I9: ='April 2025 - Prodn & Sales'!I7 -> 1972178.7 | J9: ='April 2025 - Prodn & Sales'!J7 -> 44586.25 | K9: ='April 2025 - Prodn & Sales'!K7 -> 2016765 | L9: =(F9+F10)/(E9+E10) -> 0.80811758 | M9: =I9/F9 -> 16.465146 | N9: =M9/129.3434 -> 0.12729792 | O9: ='Jan 2025-Prodn & Sales Analysis'!O8 -> 8684.3077 | P9: =C9/O9*12 -> 210.82164 | Q9: =(K9+K10)*12/(O9+O10)/129.3434 -> 21.287909
B10: Rose Trivia Pale Pink | C10: ='April 2025 - Prodn & Sales'!C8 -> 97656 | D10: ='April 2025 - Prodn & Sales'!D8 -> 300 | E10: ='April 2025 - Prodn & Sales'!E8 -> 97356 | F10: ='April 2025 - Prodn & Sales'!F8 -> 81793 | G10: ='April 2025 - Prodn & Sales'!G8 -> 10060 | H10: ='April 2025 - Prodn & Sales'!H8 -> 91853 | I10: ='April 2025 - Prodn & Sales'!I8 -> 1169408.5 | J10: ='April 2025 - Prodn & Sales'!J8 -> 30534.51 | K10: ='April 2025 - Prodn & Sales'!K8 -> 1199943 | M10: =I10/F10 -> 14.297171 | N10: =M10/129.3434 -> 0.11053653 | O10: ='Jan 2025-Prodn & Sales Analysis'!O9 -> 5334.6462 | P10: =C10/O10*12 -> 219.67193
B11: Rose Pegasso White | C11: ='April 2025 - Prodn & Sales'!C12 -> 54150 | D11: ='April 2025 - Prodn & Sales'!D12 -> 717 | E11: ='April 2025 - Prodn & Sales'!E12 -> 53433 | F11: ='April 2025 - Prodn & Sales'!F12 -> 44591 | G11: ='April 2025 - Prodn & Sales'!G12 -> 5080 | H11: ='April 2025 - Prodn & Sales'!H12 -> 49671 | I11: ='April 2025 - Prodn & Sales'!I12 -> 1012766 | J11: ='April 2025 - Prodn & Sales'!J12 -> 15327.6 | K11: ='April 2025 - Prodn & Sales'!K12 -> 1028093.6 | L11: =F11/E11 -> 0.83452174 | M11: =I11/F11 -> 22.712341 | N11: =M11/129.3434 -> 0.17559721 | O11: ='Jan 2025-Prodn & Sales Analysis'!O12 -> 4962.4615 | P11: =C11/O11*12 -> 130.94308 | Q11: =(K11*12/O11)/129.3434 -> 19.220845
B12: Rose Kamala Red | C12: ='April 2025 - Prodn & Sales'!C16 -> 102761 | D12: ='April 2025 - Prodn & Sales'!D16 -> 480 | E12: ='April 2025 - Prodn & Sales'!E16 -> 102281 | F12: ='April 2025 - Prodn & Sales'!F16 -> 90099 | G12: ='April 2025 - Prodn & Sales'!G16 -> 23040 | H12: ='April 2025 - Prodn & Sales'!H16 -> 113139 | I12: ='April 2025 - Prodn & Sales'!I16 -> 1281833.5 | J12: ='April 2025 - Prodn & Sales'!J16 -> 71767.25 | K12: ='April 2025 - Prodn & Sales'!K16 -> 1353600.8 | L12: =(F12+F13)/(C12+C13) -> 0.9127513 | M12: =I12/F12 -> 14.226945 | N12: =M12/129.3434 -> 0.10999359 | O12: ='Jan 2025-Prodn & Sales Analysis'!O11 -> 10048.985 | P12: =C12/O12*12 -> 122.7121 | Q12: =(K12+K13)*12/(O12+O13)/129.3434 -> 12.855364
B13: Rose Madam Red | C13: ='April 2025 - Prodn & Sales'!C14 -> 77150 | D13: ='April 2025 - Prodn & Sales'!D14 -> 379 | E13: ='April 2025 - Prodn & Sales'!E14 -> 76771 | F13: ='April 2025 - Prodn & Sales'!F14 -> 74115 | G13: ='April 2025 - Prodn & Sales'!G14 -> 39980 | H13: ='April 2025 - Prodn & Sales'!H14 -> 114095 | I13: ='April 2025 - Prodn & Sales'!I14 -> 1083087.7 | J13: ='April 2025 - Prodn & Sales'!J14 -> 116077.61 | K13: ='April 2025 - Prodn & Sales'!K14 -> 1199165.3 | M13: =I13/F13 -> 14.61361 | N13: =M13/129.3434 -> 0.11298303 | O13: ='Jan 2025-Prodn & Sales Analysis'!O7 -> 8374.1538 | P13: =C13/O13*12 -> 110.55445
B14: Rose Goldfinch | C14: ='April 2025 - Prodn & Sales'!C11 -> 74492 | D14: ='April 2025 - Prodn & Sales'!D11 -> 339 | E14: ='April 2025 - Prodn & Sales'!E11 -> 74153 | F14: ='April 2025 - Prodn & Sales'!F11 -> 60432 | G14: ='April 2025 - Prodn & Sales'!G11 -> 10360 | H14: ='April 2025 - Prodn & Sales'!H11 -> 70792 | I14: ='April 2025 - Prodn & Sales'!I11 -> 969807.19 | J14: ='April 2025 - Prodn & Sales'!J11 -> 31672.44 | K14: ='April 2025 - Prodn & Sales'!K11 -> 1001479.6 | L14: =(F14+F15)/(C14+C15) -> 0.80929898 | M14: =I14/F14 -> 16.047908 | N14: =M14/129.3434 -> 0.12407211 | O14: ='Jan 2025-Prodn & Sales Analysis'!O15 -> 5371.8646 | P14: =C14/O14*12 -> 166.40479 | Q14: =(K14+K15)*12/(O14+O15)/129.3434 -> 13.795222
B15: Rose Moonwalk Yellow | C15: ='April 2025 - Prodn & Sales'!C20 -> 22938 | D15: ='April 2025 - Prodn & Sales'!D20 -> 189 | E15: ='April 2025 - Prodn & Sales'!E20 -> 22749 | F15: ='April 2025 - Prodn & Sales'!F20 -> 18418 | G15: ='April 2025 - Prodn & Sales'!G20 -> 460 | H15: ='April 2025 - Prodn & Sales'!H20 -> 18878 | I15: ='April 2025 - Prodn & Sales'!I20 -> 238624.54 | J15: ='April 2025 - Prodn & Sales'!J20 -> 1387.93 | K15: ='April 2025 - Prodn & Sales'!K20 -> 240012.47 | M15: =I15/F15 -> 12.956051 | N15: =M15/129.3434 -> 0.10016785 | O15: ='Jan 2025-Prodn & Sales Analysis'!O17 -> 2977.4769 | P15: =C15/O15*12 -> 92.446057 | R15: To Replace
B16: Rose Athena White | C16: ='April 2025 - Prodn & Sales'!C13 -> 140800 | D16: ='April 2025 - Prodn & Sales'!D13 -> 561 | E16: ='April 2025 - Prodn & Sales'!E13 -> 140239 | F16: ='April 2025 - Prodn & Sales'!F13 -> 98347 | G16: ='April 2025 - Prodn & Sales'!G13 -> 64060 | H16: ='April 2025 - Prodn & Sales'!H13 -> 162407 | I16: ='April 2025 - Prodn & Sales'!I13 -> 1347862.5 | J16: ='April 2025 - Prodn & Sales'!J13 -> 191836.23 | K16: ='April 2025 - Prodn & Sales'!K13 -> 1539698.7 | L16: =F16/E16 -> 0.70128138 | M16: =I16/F16 -> 13.705171 | N16: =M16/129.3434 -> 0.10595957 | O16: ='Jan 2025-Prodn & Sales Analysis'!O10 -> 10545.231 | P16: =C16/O16*12 -> 160.22409 | Q16: =(K16*12/O16)/129.3434 -> 13.546174
B17: Rose Espana Bi-Color | C17: ='April 2025 - Prodn & Sales'!C15 -> 72048 | D17: ='April 2025 - Prodn & Sales'!D15 -> 274 | E17: ='April 2025 - Prodn & Sales'!E15 -> 71774 | F17: ='April 2025 - Prodn & Sales'!F15 -> 47366 | G17: ='April 2025 - Prodn & Sales'!G15 -> 17780 | H17: ='April 2025 - Prodn & Sales'!H15 -> 65146 | I17: ='April 2025 - Prodn & Sales'!I15 -> 705233.56 | J17: ='April 2025 - Prodn & Sales'!J15 -> 53646.55 | K17: ='April 2025 - Prodn & Sales'!K15 -> 758880.11 | L17: =(F17+F18+F19)/(C17+C18+C19) -> 0.52974262 | M17: =I17/F17 -> 14.889025 | N17: =M17/129.3434 -> 0.11511237 | O17: ='Jan 2025-Prodn & Sales Analysis'!O19 -> 5302.1538 | P17: =C17/O17*12 -> 163.06128 | Q17: =(K17+K18+K19)*12/(O17+O18+O19)/129.3434 -> 9.3886971
B18: Rose Copacabana Orange | C18: ='April 2025 - Prodn & Sales'!C21 -> 50967 | D18: ='April 2025 - Prodn & Sales'!D21 -> 233 | E18: ='April 2025 - Prodn & Sales'!E21 -> 50734 | F18: ='April 2025 - Prodn & Sales'!F21 -> 21640 | G18: ='April 2025 - Prodn & Sales'!G21 -> 14780 | H18: ='April 2025 - Prodn & Sales'!H21 -> 36420 | I18: ='April 2025 - Prodn & Sales'!I21 -> 353928.53 | J18: ='April 2025 - Prodn & Sales'!J21 -> 45241.37 | K18: ='April 2025 - Prodn & Sales'!K21 -> 399169.9 | M18: =I18/F18 -> 16.355293 | N18: =M18/129.3434 -> 0.12644861 | O18: ='Jan 2025-Prodn & Sales Analysis'!O18 -> 5173.3662 | P18: =C18/O18*12 -> 118.22167
B19: Rose Confidential | C19: ='April 2025 - Prodn & Sales'!C19 -> 51398 | D19: ='April 2025 - Prodn & Sales'!D19 -> 303 | E19: ='April 2025 - Prodn & Sales'!E19 -> 51095 | F19: ='April 2025 - Prodn & Sales'!F19 -> 23388 | G19: ='April 2025 - Prodn & Sales'!G19 -> 20900 | H19: ='April 2025 - Prodn & Sales'!H19 -> 44288 | I19: ='April 2025 - Prodn & Sales'!I19 -> 341169.62 | J19: ='April 2025 - Prodn & Sales'!J19 -> 63060.37 | K19: ='April 2025 - Prodn & Sales'!K19 -> 404229.99 | M19: =I19/F19 -> 14.587379 | N19: =M19/129.3434 -> 0.11278023 | O19: ='Jan 2025-Prodn & Sales Analysis'!O20 -> 4962.4615 | P19: =C19/O19*12 -> 124.28832
B20: Rose Indigo | C20: ='April 2025 - Prodn & Sales'!C17 -> 39924 | D20: ='April 2025 - Prodn & Sales'!D17 -> 305 | E20: ='April 2025 - Prodn & Sales'!E17 -> 39619 | F20: ='April 2025 - Prodn & Sales'!F17 -> 18924 | G20: ='April 2025 - Prodn & Sales'!G17 -> 5500 | H20: ='April 2025 - Prodn & Sales'!H17 -> 24424 | I20: ='April 2025 - Prodn & Sales'!I17 -> 235269.4 | J20: ='April 2025 - Prodn & Sales'!J17 -> 17163.79 | K20: ='April 2025 - Prodn & Sales'!K17 -> 252433.19 | L20: =F20/E20 -> 0.47764961 | M20: =I20/F20 -> 12.432329 | N20: =M20/129.3434 -> 0.096118776 | O20: ='Jan 2025-Prodn & Sales Analysis'!O21 -> 2357.1692 | P20: =C20/O20*12 -> 203.24718 | Q20: =(K20*12/O20)/129.3434 -> 9.9355672
B21: Rose Tiger | C21: ='April 2025 - Prodn & Sales'!C18 -> 30554 | D21: ='April 2025 - Prodn & Sales'!D18 -> 181 | E21: ='April 2025 - Prodn & Sales'!E18 -> 30373 | F21: ='April 2025 - Prodn & Sales'!F18 -> 19166 | G21: ='April 2025 - Prodn & Sales'!G18 -> 8780 | H21: ='April 2025 - Prodn & Sales'!H18 -> 27946 | I21: ='April 2025 - Prodn & Sales'!I18 -> 250856.8 | J21: ='April 2025 - Prodn & Sales'!J18 -> 26491.4 | K21: ='April 2025 - Prodn & Sales'!K18 -> 277348.2 | L21: =F21/E21 -> 0.63102097 | M21: =I21/F21 -> 13.088636 | N21: =M21/129.3434 -> 0.10119292 | O21: ='Jan 2025-Prodn & Sales Analysis'!O16 -> 2605.2923 | P21: =C21/O21*12 -> 140.732 | Q21: =(K21*12/O21)/129.3434 -> 9.8765637
B22: SUB TOTAL | C22: =SUM(C6:C21) -> 1122033 | D22: =SUM(D6:D21) -> 5705 | E22: =SUM(E6:E21) -> 1116328 | F22: =SUM(F6:F21) -> 859355 | G22: =SUM(G6:G21) -> 246900 | H22: =SUM(H6:H21) -> 1106255 | I22: =SUM(I6:I21) -> 13352627 | J22: =SUM(J6:J21) -> 744129.52 | K22: =SUM(K6:K21) -> 14096757 | L22: =F22/E22 -> 0.76980511 | M22: =I22/F22 -> 15.537964 | N22: =M22/129.3434 -> 0.12012955 | O22: =SUM(O6:O21) -> 86952.369 | P22: =C22/O22*12 -> 154.84795 | Q22: =(K22*12/O22)/129.3434 -> 15.040933
B23: % | D23: =D22/C22 -> 0.0050845207 | E23: =E22/C22 -> 0.99491548
B24: SPRAY ROSES
B25: Spray Rose Eileen | C25: ='April 2025 - Prodn & Sales'!C26 -> 31083 | D25: ='April 2025 - Prodn & Sales'!D26 -> 76 | E25: ='April 2025 - Prodn & Sales'!E26 -> 31007 | F25: ='April 2025 - Prodn & Sales'!F26 -> 21440 | G25: ='April 2025 - Prodn & Sales'!G26 -> 3900 | H25: ='April 2025 - Prodn & Sales'!H26 -> 25340 | I25: ='April 2025 - Prodn & Sales'!I26 -> 718241.81 | J25: ='April 2025 - Prodn & Sales'!J26 -> 13129.32 | K25: ='April 2025 - Prodn & Sales'!K26 -> 731371.13 | L25: =(F25+F26)/(E25+E26) -> 0.65988011 | M25: =I25/F25 -> 33.500084 | N25: =M25/129.3434 -> 0.25900111 | O25: ='Jan 2025-Prodn & Sales Analysis'!O31 -> 2605.2923 | P25: =C25/O25*12 -> 143.16858 | Q25: =(K25+K26)*12/(O25+O26)/129.3434 -> 23.89096
B26: Spray Rose Odilia Pink | C26: ='April 2025 - Prodn & Sales'!C29 -> 52109 | D26: ='April 2025 - Prodn & Sales'!D29 -> 207 | E26: ='April 2025 - Prodn & Sales'!E29 -> 51902 | F26: ='April 2025 - Prodn & Sales'!F29 -> 33270 | G26: ='April 2025 - Prodn & Sales'!G29 -> 4320 | H26: ='April 2025 - Prodn & Sales'!H29 -> 37590 | I26: ='April 2025 - Prodn & Sales'!I29 -> 1219368.9 | J26: ='April 2025 - Prodn & Sales'!J29 -> 14017.23 | K26: ='April 2025 - Prodn & Sales'!K29 -> 1233386.1 | M26: =I26/F26 -> 36.650703 | N26: =M26/129.3434 -> 0.28335967 | O26: ='Jan 2025-Prodn & Sales Analysis'!O30 -> 5024.4923 | P26: =C26/O26*12 -> 124.45198
B27: Spray Rose Reflex Bicolour | C27: ='April 2025 - Prodn & Sales'!C32 -> 65138 | D27: ='April 2025 - Prodn & Sales'!D32 -> 181 | E27: ='April 2025 - Prodn & Sales'!E32 -> 64957 | F27: ='April 2025 - Prodn & Sales'!F32 -> 45350 | G27: ='April 2025 - Prodn & Sales'!G32 -> 3800 | H27: ='April 2025 - Prodn & Sales'!H32 -> 49150 | I27: ='April 2025 - Prodn & Sales'!I32 -> 1626848.1 | J27: ='April 2025 - Prodn & Sales'!J32 -> 12844.84 | K27: ='April 2025 - Prodn & Sales'!K32 -> 1639692.9 | L27: =(F27+F28)/(E27+E28) -> 0.7364879 | M27: =I27/F27 -> 35.873166 | N27: =M27/129.3434 -> 0.27734825 | O27: ='Jan 2025-Prodn & Sales Analysis'!O29 -> 7381.6615 | P27: =C27/O27*12 -> 105.89161 | Q27: =(K27+K28)*12/(O27+O28)/129.3434 -> 20.887646
B28: Spray Rose Fire Works Bi-Pink | C28: ='April 2025 - Prodn & Sales'!C31 -> 16594 | D28: ='April 2025 - Prodn & Sales'!D31 -> 124 | E28: ='April 2025 - Prodn & Sales'!E31 -> 16470 | F28: ='April 2025 - Prodn & Sales'!F31 -> 14620 | G28: ='April 2025 - Prodn & Sales'!G31 -> 0 | H28: ='April 2025 - Prodn & Sales'!H31 -> 14620 | I28: ='April 2025 - Prodn & Sales'!I31 -> 580837.94 | J28: ='April 2025 - Prodn & Sales'!J31 -> 0 | K28: ='April 2025 - Prodn & Sales'!K31 -> 580837.94 | M28: =I28/F28 -> 39.728997 | N28: =M28/129.3434 -> 0.30715906 | O28: ='Jan 2025-Prodn & Sales Analysis'!O38 -> 2481.2308 | P28: =C28/O28*12 -> 80.25372
B29: Spray Rose Fancy | C29: ='April 2025 - Prodn & Sales'!C35 -> 17541 | D29: ='April 2025 - Prodn & Sales'!D35 -> 143 | E29: ='April 2025 - Prodn & Sales'!E35 -> 17398 | F29: ='April 2025 - Prodn & Sales'!F35 -> 12240 | G29: ='April 2025 - Prodn & Sales'!G35 -> 840 | H29: ='April 2025 - Prodn & Sales'!H35 -> 13080 | I29: ='April 2025 - Prodn & Sales'!I35 -> 465301.78 | J29: ='April 2025 - Prodn & Sales'!J35 -> 2793.11 | K29: ='April 2025 - Prodn & Sales'!K35 -> 468094.89 | L29: =(F29+F30+F31+F32)/(E29+E30+E31+E32) -> 0.69732965 | M29: =I29/F29 -> 38.014851 | N29: =M29/129.3434 -> 0.29390639 | O29: ='Jan 2025-Prodn & Sales Analysis'!O36 -> 2357.1692 | P29: =C29/O29*12 -> 89.298637 | Q29: =(K29+K30+K31+K32)*12/(O29+O30+O31+O32)/129.3434 -> 19.695773
B30: Spray Rose Dinara | C30: ='April 2025 - Prodn & Sales'!C30 -> 28540 | D30: ='April 2025 - Prodn & Sales'!D30 -> 160 | E30: ='April 2025 - Prodn & Sales'!E30 -> 28380 | F30: ='April 2025 - Prodn & Sales'!F30 -> 22100 | G30: ='April 2025 - Prodn & Sales'!G30 -> 240 | H30: ='April 2025 - Prodn & Sales'!H30 -> 22340 | I30: ='April 2025 - Prodn & Sales'!I30 -> 785958.35 | J30: ='April 2025 - Prodn & Sales'!J30 -> 827.59 | K30: ='April 2025 - Prodn & Sales'!K30 -> 786785.94 | M30: =I30/F30 -> 35.563726 | N30: =M30/129.3434 -> 0.27495586 | O30: ='Jan 2025-Prodn & Sales Analysis'!O41 -> 3225.6 | P30: =C30/O30*12 -> 106.1756
B31: Spray Rose Good Mood | C31: ='April 2025 - Prodn & Sales'!C28 -> 43411 | D31: ='April 2025 - Prodn & Sales'!D28 -> 185 | E31: ='April 2025 - Prodn & Sales'!E28 -> 43226 | F31: ='April 2025 - Prodn & Sales'!F28 -> 35050 | G31: ='April 2025 - Prodn & Sales'!G28 -> 460 | H31: ='April 2025 - Prodn & Sales'!H28 -> 35510 | I31: ='April 2025 - Prodn & Sales'!I28 -> 1339593.5 | J31: ='April 2025 - Prodn & Sales'!J28 -> 1482.76 | K31: ='April 2025 - Prodn & Sales'!K28 -> 1341076.3 | M31: =I31/F31 -> 38.219501 | N31: =M31/129.3434 -> 0.29548861 | O31: ='Jan 2025-Prodn & Sales Analysis'!O34 -> 5027.4462 | P31: =C31/O31*12 -> 103.61762
B32: Spray Rose Sweet Blossoms | C32: ='April 2025 - Prodn & Sales'!C50 -> 18333 | D32: ='April 2025 - Prodn & Sales'!D50 -> 85 | E32: ='April 2025 - Prodn & Sales'!E50 -> 18248 | F32: ='April 2025 - Prodn & Sales'!F50 -> 5400 | G32: ='April 2025 - Prodn & Sales'!G50 -> 1680 | H32: ='April 2025 - Prodn & Sales'!H50 -> 7080 | I32: ='April 2025 - Prodn & Sales'!I50 -> 177888.4 | J32: ='April 2025 - Prodn & Sales'!J50 -> 5379.3 | K32: ='April 2025 - Prodn & Sales'!K50 -> 183267.7 | M32: =I32/F32 -> 32.942296 | N32: =M32/129.3434 -> 0.25468865 | O32: ='Jan 2025-Prodn & Sales Analysis'!O48 -> 2481.2308 | P32: =C32/O32*12 -> 88.664063
B33: Spray Rose Lianne Pink | C33: ='April 2025 - Prodn & Sales'!C34 -> 41995 | D33: ='April 2025 - Prodn & Sales'!D34 -> 160 | E33: ='April 2025 - Prodn & Sales'!E34 -> 41835 | F33: ='April 2025 - Prodn & Sales'!F34 -> 28770 | G33: ='April 2025 - Prodn & Sales'!G34 -> 3120 | H33: ='April 2025 - Prodn & Sales'!H34 -> 31890 | I33: ='April 2025 - Prodn & Sales'!I34 -> 1007011.9 | J33: ='April 2025 - Prodn & Sales'!J34 -> 10034.49 | K33: ='April 2025 - Prodn & Sales'!K34 -> 1017046.4 | L33: =(F33+F34)/(E33+E34) -> 0.5937168 | M33: =I33/F33 -> 35.002153 | N33: =M33/129.3434 -> 0.27061414 | O33: ='Jan 2025-Prodn & Sales Analysis'!O27 -> 5024.4923 | P33: =C33/O33*12 -> 100.2967 | Q33: =(K33+K34)*12/(O33+O34)/129.3434 -> 17.529468
B34: Spray Rose Tessa | C34: ='April 2025 - Prodn & Sales'!C40 -> 27973 | D34: ='April 2025 - Prodn & Sales'!D40 -> 162 | E34: ='April 2025 - Prodn & Sales'!E40 -> 27811 | F34: ='April 2025 - Prodn & Sales'!F40 -> 12580 | G34: ='April 2025 - Prodn & Sales'!G40 -> 2400 | H34: ='April 2025 - Prodn & Sales'!H40 -> 14980 | I34: ='April 2025 - Prodn & Sales'!I40 -> 428512.81 | J34: ='April 2025 - Prodn & Sales'!J40 -> 7758.62 | K34: ='April 2025 - Prodn & Sales'!K40 -> 436271.43 | M34: =I34/F34 -> 34.063021 | N34: =M34/129.3434 -> 0.26335338 | O34: ='Jan 2025-Prodn & Sales Analysis'!O35 -> 2667.3231 | P34: =C34/O34*12 -> 125.84752
B35: Spray Rose Marisa Yellow | C35: ='April 2025 - Prodn & Sales'!C27 -> 22034 | D35: ='April 2025 - Prodn & Sales'!D27 -> 131 | E35: ='April 2025 - Prodn & Sales'!E27 -> 21903 | F35: ='April 2025 - Prodn & Sales'!F27 -> 19250 | G35: ='April 2025 - Prodn & Sales'!G27 -> 3180 | H35: ='April 2025 - Prodn & Sales'!H27 -> 22430 | I35: ='April 2025 - Prodn & Sales'!I27 -> 708731.15 | J35: ='April 2025 - Prodn & Sales'!J27 -> 11068.97 | K35: ='April 2025 - Prodn & Sales'!K27 -> 719800.12 | L35: =(F35+F36+F37)/(C35+C36+C37) -> 0.69941357 | M35: =I35/F35 -> 36.817203 | N35: =M35/129.3434 -> 0.28464694 | O35: ='Jan 2025-Prodn & Sales Analysis'!O28 -> 2667.3231 | P35: =C35/O35*12 -> 99.128599 | Q35: =(K35+K36+K37)*12/(O35+O36+O37)/129.3434 -> 16.960216
B36: Spray Rose Yellow Babe | C36: ='April 2025 - Prodn & Sales'!C39 -> 14655 | D36: ='April 2025 - Prodn & Sales'!D39 -> 108 | E36: ='April 2025 - Prodn & Sales'!E39 -> 14547 | F36: ='April 2025 - Prodn & Sales'!F39 -> 12590 | G36: ='April 2025 - Prodn & Sales'!G39 -> 580 | H36: ='April 2025 - Prodn & Sales'!H39 -> 13170 | I36: ='April 2025 - Prodn & Sales'!I39 -> 465771.35 | J36: ='April 2025 - Prodn & Sales'!J39 -> 1844.83 | K36: ='April 2025 - Prodn & Sales'!K39 -> 467616.18 | M36: =I36/F36 -> 36.995342 | N36: =M36/129.3434 -> 0.28602419 | O36: ='Jan 2025-Prodn & Sales Analysis'!O45 -> 2788.4308 | P36: =C36/O36*12 -> 63.06773
B37: Spray Rose Tarantella Yellow | C37: ='April 2025 - Prodn & Sales'!C45 -> 19072 | D37: ='April 2025 - Prodn & Sales'!D45 -> 73 | E37: ='April 2025 - Prodn & Sales'!E45 -> 18999 | F37: ='April 2025 - Prodn & Sales'!F45 -> 7160 | G37: ='April 2025 - Prodn & Sales'!G45 -> 0 | H37: ='April 2025 - Prodn & Sales'!H45 -> 7160 | I37: ='April 2025 - Prodn & Sales'!I45 -> 263525.34 | J37: ='April 2025 - Prodn & Sales'!J45 -> 0 | K37: ='April 2025 - Prodn & Sales'!K45 -> 263525.34 | M37: =I37/F37 -> 36.805215 | N37: =M37/129.3434 -> 0.28455426 | O37: ='Jan 2025-Prodn & Sales Analysis'!O51 -> 2481.2308 | P37: =C37/O37*12 -> 92.238095
B40: Spray Rose Zadique | C40: ='April 2025 - Prodn & Sales'!C49 -> 9543 | D40: ='April 2025 - Prodn & Sales'!D49 -> 61 | E40: ='April 2025 - Prodn & Sales'!E49 -> 9482 | F40: ='April 2025 - Prodn & Sales'!F49 -> 5860 | G40: ='April 2025 - Prodn & Sales'!G49 -> 2040 | H40: ='April 2025 - Prodn & Sales'!H49 -> 7900 | I40: ='April 2025 - Prodn & Sales'!I49 -> 202282.92 | J40: ='April 2025 - Prodn & Sales'!J49 -> 7034.48 | K40: ='April 2025 - Prodn & Sales'!K49 -> 209317.4 | L40: =(F40+F41)/(E40+E41) -> 0.64863412 | M40: =I40/F40 -> 34.51927 | N40: =M40/129.3434 -> 0.2668808 | O40: ='Jan 2025-Prodn & Sales Analysis'!O47 -> 2605.2923 | P40: =C40/O40*12 -> 43.955145 | Q40: =(K40+K41)*12/(O40+O41)/129.3434 -> 15.329419
B41: Spray Rose Babe Orange | C41: ='April 2025 - Prodn & Sales'!C33 -> 46497 | D41: ='April 2025 - Prodn & Sales'!D33 -> 154 | E41: ='April 2025 - Prodn & Sales'!E33 -> 46343 | F41: ='April 2025 - Prodn & Sales'!F33 -> 30350 | G41: ='April 2025 - Prodn & Sales'!G33 -> 2020 | H41: ='April 2025 - Prodn & Sales'!H33 -> 32370 | I41: ='April 2025 - Prodn & Sales'!I33 -> 1065600.1 | J41: ='April 2025 - Prodn & Sales'!J33 -> 6250 | K41: ='April 2025 - Prodn & Sales'!K33 -> 1071850.1 | M41: =I41/F41 -> 35.110382 | N41: =M41/129.3434 -> 0.2714509 | O41: ='Jan 2025-Prodn & Sales Analysis'!O32 -> 5148.5538 | P41: =C41/O41*12 -> 108.37296
B42: Spray Rose Leila Pink | C42: ='April 2025 - Prodn & Sales'!C36 -> 9409 | D42: ='April 2025 - Prodn & Sales'!D36 -> 109 | E42: ='April 2025 - Prodn & Sales'!E36 -> 9300 | F42: ='April 2025 - Prodn & Sales'!F36 -> 8530 | G42: ='April 2025 - Prodn & Sales'!G36 -> 0 | H42: ='April 2025 - Prodn & Sales'!H36 -> 8530 | I42: ='April 2025 - Prodn & Sales'!I36 -> 311562.54 | J42: ='April 2025 - Prodn & Sales'!J36 -> 0 | K42: ='April 2025 - Prodn & Sales'!K36 -> 311562.54 | L42: =(F42+F43)/(E42+E43) -> 0.73024771 | M42: =I42/F42 -> 36.525503 | N42: =M42/129.3434 -> 0.2823917 | O42: ='Jan 2025-Prodn & Sales Analysis'!O40 -> 1736.8615 | P42: =C42/O42*12 -> 65.006909 | Q42: =(K42+K43)*12/(O42+O43)/129.3434 -> 15.064887
B43: Spray Rose Silver Shadow | C43: ='April 2025 - Prodn & Sales'!C42 -> 17221 | D43: ='April 2025 - Prodn & Sales'!D42 -> 119 | E43: ='April 2025 - Prodn & Sales'!E42 -> 17102 | F43: ='April 2025 - Prodn & Sales'!F42 -> 10750 | G43: ='April 2025 - Prodn & Sales'!G42 -> 1200 | H43: ='April 2025 - Prodn & Sales'!H42 -> 11950 | I43: ='April 2025 - Prodn & Sales'!I42 -> 369331.08 | J43: ='April 2025 - Prodn & Sales'!J42 -> 4034.48 | K43: ='April 2025 - Prodn & Sales'!K42 -> 373365.56 | M43: =I43/F43 -> 34.35638 | N43: =M43/129.3434 -> 0.26562144 | O43: ='Jan 2025-Prodn & Sales Analysis'!O43 -> 2481.2308 | P43: =C43/O43*12 -> 83.286086
B44: Spray Rose Snowflake White | C44: ='April 2025 - Prodn & Sales'!C25 -> 38550 | D44: ='April 2025 - Prodn & Sales'!D25 -> 354 | E44: ='April 2025 - Prodn & Sales'!E25 -> 38196 | F44: ='April 2025 - Prodn & Sales'!F25 -> 48200 | G44: ='April 2025 - Prodn & Sales'!G25 -> 1980 | H44: ='April 2025 - Prodn & Sales'!H25 -> 50180 | I44: ='April 2025 - Prodn & Sales'!I25 -> 1754286 | J44: ='April 2025 - Prodn & Sales'!J25 -> 6543.11 | K44: ='April 2025 - Prodn & Sales'!K25 -> 1760829.1 | L44: =(F44+F45+F46+F47)/(E44+E45+E46+E47) -> 0.72401083 | M44: =I44/F44 -> 36.395975 | N44: =M44/129.3434 -> 0.28139028 | O44: ='Jan 2025-Prodn & Sales Analysis'!O25 -> 5210.5846 | P44: =C44/O44*12 -> 88.780825 | Q44: =(K44+K45+K46+K47)*12/(O44+O45+O46+O47)/129.3434 -> 13.94397
B45: Spray Rose Jalita | C45: ='April 2025 - Prodn & Sales'!C48 -> 34696 | D45: ='April 2025 - Prodn & Sales'!D48 -> 225 | E45: ='April 2025 - Prodn & Sales'!E48 -> 34471 | F45: ='April 2025 - Prodn & Sales'!F48 -> 11010 | G45: ='April 2025 - Prodn & Sales'!G48 -> 10360 | H45: ='April 2025 - Prodn & Sales'!H48 -> 21370 | I45: ='April 2025 - Prodn & Sales'!I48 -> 368780.71 | J45: ='April 2025 - Prodn & Sales'!J48 -> 34818.98 | K45: ='April 2025 - Prodn & Sales'!K48 -> 403599.69 | M45: =I45/F45 -> 33.495069 | N45: =M45/129.3434 -> 0.25896234 | O45: ='Jan 2025-Prodn & Sales Analysis'!O52 -> 4993.4769 | P45: =C45/O45*12 -> 83.379178
B46: Spray Rose Wedding Party | C46: ='April 2025 - Prodn & Sales'!C52 -> 15916 | D46: ='April 2025 - Prodn & Sales'!D52 -> 190 | E46: ='April 2025 - Prodn & Sales'!E52 -> 15726 | F46: ='April 2025 - Prodn & Sales'!F52 -> 9050 | G46: ='April 2025 - Prodn & Sales'!G52 -> 3220 | H46: ='April 2025 - Prodn & Sales'!H52 -> 12270 | I46: ='April 2025 - Prodn & Sales'!I52 -> 320564.33 | J46: ='April 2025 - Prodn & Sales'!J52 -> 10482.75 | K46: ='April 2025 - Prodn & Sales'!K52 -> 331047.08 | M46: =I46/F46 -> 35.421473 | N46: =M46/129.3434 -> 0.27385605 | O46: ='Jan 2025-Prodn & Sales Analysis'!O53 -> 5009.7231 | P46: =C46/O46*12 -> 38.124263 | R46: To Replace
B47: Spray Rose Snow Bubble | C47: ='April 2025 - Prodn & Sales'!C51 -> 11835 | D47: ='April 2025 - Prodn & Sales'!D51 -> 119 | E47: ='April 2025 - Prodn & Sales'!E51 -> 11716 | F47: ='April 2025 - Prodn & Sales'!F51 -> 4220 | G47: ='April 2025 - Prodn & Sales'!G51 -> 1560 | H47: ='April 2025 - Prodn & Sales'!H51 -> 5780 | I47: ='April 2025 - Prodn & Sales'!I51 -> 158699 | J47: ='April 2025 - Prodn & Sales'!J51 -> 5327.59 | K47: ='April 2025 - Prodn & Sales'!K51 -> 164026.59 | M47: =I47/F47 -> 37.606398 | N47: =M47/129.3434 -> 0.29074849 | O47: ='Jan 2025-Prodn & Sales Analysis'!O49 -> 2481.2308 | P47: =C47/O47*12 -> 57.237723
B48: Spray Rose Mirabel | C48: ='April 2025 - Prodn & Sales'!C41 -> 56639 | D48: ='April 2025 - Prodn & Sales'!D41 -> 240 | E48: ='April 2025 - Prodn & Sales'!E41 -> 56399 | F48: ='April 2025 - Prodn & Sales'!F41 -> 38890 | G48: ='April 2025 - Prodn & Sales'!G41 -> 3340 | H48: ='April 2025 - Prodn & Sales'!H41 -> 42230 | I48: ='April 2025 - Prodn & Sales'!I41 -> 1353883.1 | J48: ='April 2025 - Prodn & Sales'!J41 -> 11258.63 | K48: ='April 2025 - Prodn & Sales'!K41 -> 1365141.7 | L48: =(F48+F49)/(E48+E49) -> 0.64705448 | M48: =I48/F48 -> 34.813143 | N48: =M48/129.3434 -> 0.26915283 | O48: ='Jan 2025-Prodn & Sales Analysis'!O26 -> 8436.1846 | P48: =C48/O48*12 -> 80.565804 | Q48: =(K48+K49)*12/(O48+O49)/129.3434 -> 13.483478
B49: Spray Rose Dominica | C49: ='April 2025 - Prodn & Sales'!C47 -> 11304 | D49: ='April 2025 - Prodn & Sales'!D47 -> 58 | E49: ='April 2025 - Prodn & Sales'!E47 -> 11246 | F49: ='April 2025 - Prodn & Sales'!F47 -> 4880 | G49: ='April 2025 - Prodn & Sales'!G47 -> 1440 | H49: ='April 2025 - Prodn & Sales'!H47 -> 6320 | I49: ='April 2025 - Prodn & Sales'!I47 -> 199043.04 | J49: ='April 2025 - Prodn & Sales'!J47 -> 4448.28 | K49: ='April 2025 - Prodn & Sales'!K47 -> 203491.32 | M49: =I49/F49 -> 40.787508 | N49: =M49/129.3434 -> 0.31534279 | O49: ='Jan 2025-Prodn & Sales Analysis'!O37 -> 2357.1692 | P49: =C49/O49*12 -> 57.546992
B50: Spray Rose Cheyenne | C50: ='April 2025 - Prodn & Sales'!C43 -> 17289 | D50: ='April 2025 - Prodn & Sales'!D43 -> 68 | E50: ='April 2025 - Prodn & Sales'!E43 -> 17221 | F50: ='April 2025 - Prodn & Sales'!F43 -> 9320 | G50: ='April 2025 - Prodn & Sales'!G43 -> 720 | H50: ='April 2025 - Prodn & Sales'!H43 -> 10040 | I50: ='April 2025 - Prodn & Sales'!I43 -> 352714.91 | J50: ='April 2025 - Prodn & Sales'!J43 -> 2224.14 | K50: ='April 2025 - Prodn & Sales'!K43 -> 354939.05 | L50: =F50/E50 -> 0.5411997 | M50: =I50/F50 -> 37.844947 | N50: =M50/129.3434 -> 0.2925928 | O50: ='Jan 2025-Prodn & Sales Analysis'!O42 -> 2481.2308 | P50: =C50/O50*12 -> 83.614955 | Q50: =(K50)*12/(O50)/129.3434 -> 13.27161
B51: Spray Rose Salinero | C51: ='April 2025 - Prodn & Sales'!C37 -> 37047 | D51: ='April 2025 - Prodn & Sales'!D37 -> 175 | E51: ='April 2025 - Prodn & Sales'!E37 -> 36872 | F51: ='April 2025 - Prodn & Sales'!F37 -> 24560 | G51: ='April 2025 - Prodn & Sales'!G37 -> 3160 | H51: ='April 2025 - Prodn & Sales'!H37 -> 27720 | I51: ='April 2025 - Prodn & Sales'!I37 -> 891604.63 | J51: ='April 2025 - Prodn & Sales'!J37 -> 10499.99 | K51: ='April 2025 - Prodn & Sales'!K37 -> 902104.62 | L51: =(F51+F52)/(E51+E52) -> 0.49921245 | M51: =I51/F51 -> 36.30312 | N51: =M51/129.3434 -> 0.28067238 | O51: ='Jan 2025-Prodn & Sales Analysis'!O39 -> 5055.5077 | P51: =C51/O51*12 -> 87.936569 | Q51: =(K51+K52)*12/(O51+O52)/129.3434 -> 12.446913
B52: Spray Rose Trinity Cream Yellow | C52: ='April 2025 - Prodn & Sales'!C53 -> 17143 | D52: ='April 2025 - Prodn & Sales'!D53 -> 50 | E52: ='April 2025 - Prodn & Sales'!E53 -> 17093 | F52: ='April 2025 - Prodn & Sales'!F53 -> 2380 | G52: ='April 2025 - Prodn & Sales'!G53 -> 4640 | H52: ='April 2025 - Prodn & Sales'!H53 -> 7020 | I52: ='April 2025 - Prodn & Sales'!I53 -> 93174.52 | J52: ='April 2025 - Prodn & Sales'!J53 -> 15853.45 | K52: ='April 2025 - Prodn & Sales'!K53 -> 109027.97 | M52: =I52/F52 -> 39.148958 | N52: =M52/129.3434 -> 0.30267457 | O52: ='Jan 2025-Prodn & Sales Analysis'!O50 -> 2481.2308 | P52: =C52/O52*12 -> 82.908854
B53: Spray Rose Royal Porcelina Cream | C53: ='April 2025 - Prodn & Sales'!C44 -> 36121 | D53: ='April 2025 - Prodn & Sales'!D44 -> 146 | E53: ='April 2025 - Prodn & Sales'!E44 -> 35975 | F53: ='April 2025 - Prodn & Sales'!F44 -> 13940 | G53: ='April 2025 - Prodn & Sales'!G44 -> 6140 | H53: ='April 2025 - Prodn & Sales'!H44 -> 20080 | I53: ='April 2025 - Prodn & Sales'!I44 -> 496904.94 | J53: ='April 2025 - Prodn & Sales'!J44 -> 21025.88 | K53: ='April 2025 - Prodn & Sales'!K44 -> 517930.82 | L53: =(F53+F54)/(E53+E54) -> 0.53711843 | M53: =I53/F53 -> 35.645978 | N53: =M53/129.3434 -> 0.27559178 | O53: ='Jan 2025-Prodn & Sales Analysis'!O44 -> 4652.3077 | P53: =C53/O53*12 -> 93.169246 | Q53: =(K53+K54)*12/(O53+O54)/129.3434 -> 12.381475
B54: Spray Rose Sweet Sara | C54: ='April 2025 - Prodn & Sales'!C38 -> 13703 | D54: ='April 2025 - Prodn & Sales'!D38 -> 80 | E54: ='April 2025 - Prodn & Sales'!E38 -> 13623 | F54: ='April 2025 - Prodn & Sales'!F38 -> 12700 | G54: ='April 2025 - Prodn & Sales'!G38 -> 840 | H54: ='April 2025 - Prodn & Sales'!H38 -> 13540 | I54: ='April 2025 - Prodn & Sales'!I38 -> 447788.6 | J54: ='April 2025 - Prodn & Sales'!J38 -> 2844.83 | K54: ='April 2025 - Prodn & Sales'!K38 -> 450633.43 | M54: =I54/F54 -> 35.258945 | N54: =M54/129.3434 -> 0.27259949 | O54: ='Jan 2025-Prodn & Sales Analysis'!O33 -> 2605.2923 | P54: =C54/O54*12 -> 63.116142
B55: Spray Rose Azore | C55: ='April 2025 - Prodn & Sales'!C46 -> 16933 | D55: ='April 2025 - Prodn & Sales'!D46 -> 142 | E55: ='April 2025 - Prodn & Sales'!E46 -> 16791 | F55: ='April 2025 - Prodn & Sales'!F46 -> 6980 | G55: ='April 2025 - Prodn & Sales'!G46 -> 120 | H55: ='April 2025 - Prodn & Sales'!H46 -> 7100 | I55: ='April 2025 - Prodn & Sales'!I46 -> 265993.11 | J55: ='April 2025 - Prodn & Sales'!J46 -> 362.07 | K55: ='April 2025 - Prodn & Sales'!K46 -> 266355.18 | L55: =F55/E55 -> 0.41569889 | M55: =I55/F55 -> 38.107895 | N55: =M55/129.3434 -> 0.29462574 | O55: ='Jan 2025-Prodn & Sales Analysis'!O46 -> 3039.5077 | P55: =C55/O55*12 -> 66.851616 | Q55: =(K55*12/O55)/129.3434 -> 8.130081
B56: SUB TOTAL | C56: =SUM(C25:C55) -> 788324 | D56: =SUM(D25:D55) -> 4085 | E56: =SUM(E25:E55) -> 784239 | F56: =SUM(F25:F55) -> 511440 | G56: =SUM(G25:G55) -> 67300 | H56: =SUM(H25:H55) -> 578740 | I56: =SUM(I25:I55) -> 18439805 | J56: =SUM(J25:J55) -> 224189.72 | K56: =SUM(K25:K55) -> 18663995 | L56: =F56/E56 -> 0.65214813 | M56: =I56/F56 -> 36.054679 | N56: =M56/129.3434 -> 0.27875159 | O56: =SUM(O25:O55) -> 106988.31 | P56: =(C56/O56)*12 -> 88.41983 | Q56: =(K56*12/O56)/129.3434 -> 16.184722
B57: % | D57: =D56/C56 -> 0.0051818795 | E57: =E56/C56 -> 0.99481812
B59: GRAND TOTAL | C59: =C22+C56 -> 1910357 | D59: =D22+D56 -> 9790 | E59: =E22+E56 -> 1900567 | F59: =F22+F56 -> 1370795 | G59: =G22+G56 -> 314200 | H59: =H22+H56 -> 1684995 | I59: =I22+I56 -> 31792432 | J59: =J22+J56 -> 968319.24 | K59: =K22+K56 -> 32760752 | L59: =F59/E59 -> 0.72125581 | M59: =I59/F59 -> 23.192696 | N59: =M59/129.3434 -> 0.17931102 | O59: =O56+O22 -> 193940.68 | P59: =(C59/O59)*12 -> 118.20256 | Q59: =(K59*12/O59)/129.3434 -> 15.67191
B60: % | D60: =D59/C59 -> 0.0051246966 | E60: =E59/C59 -> 0.9948753
B62: Notes
A63: 1 | B63: Ranked by Revenue / SQM

Sheet May 2025 - Prodn & Sales
B1: ZEEFLORA LIMITED
B2: PERFORMANCE PER VARIETY ANALYSIS
B3: 45808
B4: Description | C4: Production -Qty | D4: Rejection | E4: Sellable / Available for Sale | F4: Sales - Qty Export | G4: Sales - Qty Local | H4: Total Sales - Qty | I4: Export Sales -KES | J4: Local Sales KES | K4: Total Sales- KES | L4: % Export Sales | M4: Average Export Price KES | N4: Average Export Price USD | O4: Area SQM | P4: Production Per SQM | Q4: Revenue / SQM- USD
B5: STANDARD ROSES
B6: Rose Jumilia Bicolour Pink | C6: 139017 | D6: 475 | E6: =C6-D6 -> 138542 | F6: 142305 | G6: 15440 | H6: =F6+G6 -> 157745 | I6: 2471470.7 | J6: 47724.15 | K6: =I6+J6 -> 2519194.9 | L6: =F6/E6 -> 1.0271614 | M6: =I6/F6 -> 17.36742 | N6: =M6/129.2417 -> 0.13437939 | O6: 8684.3077 | P6: =C6/O6*12 -> 192.09407 | Q6: =(K6*12/O6)/129.2417 -> 26.934266
B7: Rose Ace Cerise | C7: 59245 | D7: 285 | E7: =C7-D7 -> 58960 | F7: 57648 | G7: 6060 | H7: =F7+G7 -> 63708 | I7: 938656.14 | J7: 18284.52 | K7: =I7+J7 -> 956940.66 | L7: =F7/E7 -> 0.97774763 | M7: =I7/F7 -> 16.282545 | N7: =M7/129.2417 -> 0.12598523 | O7: 3349.6615 | P7: =C7/O7*12 -> 212.24234 | Q7: =(K7*12/O7)/129.2417 -> 26.525444
B8: Rose Trivia Pale Pink | C8: 89057 | D8: 307 | E8: =C8-D8 -> 88750 | F8: 90930 | G8: 3660 | H8: =F8+G8 -> 94590 | I8: 1427793.2 | J8: 11301.74 | K8: =I8+J8 -> 1439094.9 | L8: =F8/E8 -> 1.0245634 | M8: =I8/F8 -> 15.702113 | N8: =M8/129.2417 -> 0.12149417 | O8: 5334.6462 | P8: =C8/O8*12 -> 200.32894 | Q8: =(K8*12/O8)/129.2417 -> 25.047386
B9: Rose Pegasso White | C9: 60046 | D9: 616 | E9: =C9-D9 -> 59430 | F9: 51552 | G9: 11080 | H9: =F9+G9 -> 62632 | I9: 1183703.7 | J9: 34310.38 | K9: =I9+J9 -> 1218014 | L9: =F9/E9 -> 0.86744069 | M9: =I9/F9 -> 22.961353 | N9: =M9/129.2417 -> 0.17766211 | O9: 4962.4615 | P9: =C9/O9*12 -> 145.20052 | Q9: =(K9*12/O9)/129.2417 -> 22.789444
B10: Rose Goldfinch | C10: 71979 | D10: 288 | E10: =C10-D10 -> 71691 | F10: 69411 | G10: 6380 | H10: =F10+G10 -> 75791 | I10: 1153135.9 | J10: 19586.21 | K10: =I10+J10 -> 1172722.1 | L10: =F10/E10 -> 0.96819684 | M10: =I10/F10 -> 16.613157 | N10: =M10/129.2417 -> 0.12854332 | O10: 4794.0923 | P10: =C10/O10*12 -> 180.16925 | Q10: =(K10*12/O10)/129.2417 -> 22.712623
B11: Rose Madam Red | C11: 196466 | D11: 477 | E11: =C11-D11 -> 195989 | F11: 100095 | G11: 104880 | H11: =F11+G11 -> 204975 | I11: 1512843.8 | J11: 325396.59 | K11: =I11+J11 -> 1838240.4 | L11: =F11/E11 -> 0.51071744 | M11: =I11/F11 -> 15.11408 | N11: =M11/129.2417 -> 0.1169443 | O11: 8374.1538 | P11: =C11/O11*12 -> 281.53197 | Q11: =(K11*12/O11)/129.2417 -> 20.381679
B12: Rose Madam Cerise | C12: 40333 | D12: 387 | E12: =C12-D12 -> 39946 | F12: 29778 | G12: 1320 | H12: =F12+G12 -> 31098 | I12: 442851.4 | J12: 3982.76 | K12: =I12+J12 -> 446834.16 | L12: =F12/E12 -> 0.74545637 | M12: =I12/F12 -> 14.871764 | N12: =M12/129.2417 -> 0.1150694 | O12: 2109.0462 | P12: =C12/O12*12 -> 229.48573 | Q12: =(K12*12/O12)/129.2417 -> 19.671563
B13: Rose Celeb Salmon Pink | C13: 59916 | D13: 320 | E13: =C13-D13 -> 59596 | F13: 56928 | G13: 1860 | H13: =F13+G13 -> 58788 | I13: 1096262.8 | J13: 5612.08 | K13: =I13+J13 -> 1101874.9 | L13: =F13/E13 -> 0.95523189 | M13: =I13/F13 -> 19.257006 | N13: =M13/129.2417 -> 0.14899994 | O13: 5371.8646 | P13: =C13/O13*12 -> 133.84403 | Q13: =(K13*12/O13)/129.2417 -> 19.045212
B14: Rose Espana Bi-Color | C14: 73120 | D14: 324 | E14: =C14-D14 -> 72796 | F14: 63863 | G14: 11580 | H14: =F14+G14 -> 75443 | I14: 923066.14 | J14: 35094.84 | K14: =I14+J14 -> 958160.98 | L14: =F14/E14 -> 0.87728721 | M14: =I14/F14 -> 14.453849 | N14: =M14/129.2417 -> 0.1118358 | O14: 5302.1538 | P14: =C14/O14*12 -> 165.48747 | Q14: =(K14*12/O14)/129.2417 -> 16.778948
B15: Rose Athena White | C15: 172866 | D15: 538 | E15: =C15-D15 -> 172328 | F15: 97472 | G15: 67360 | H15: =F15+G15 -> 164832 | I15: 1451865.6 | J15: 203706.88 | K15: =I15+J15 -> 1655572.5 | L15: =F15/E15 -> 0.56561905 | M15: =I15/F15 -> 14.895207 | N15: =M15/129.2417 -> 0.11525078 | O15: 10545.231 | P15: =C15/O15*12 -> 196.71376 | Q15: =(K15*12/O15)/129.2417 -> 14.577086
B16: Rose Kamala Red | C16: 122766 | D16: 340 | E16: =C16-D16 -> 122426 | F16: 83864 | G16: 44620 | H16: =F16+G16 -> 128484 | I16: 1364083.2 | J16: 134629.34 | K16: =I16+J16 -> 1498712.5 | L16: =F16/E16 -> 0.68501789 | M16: =I16/F16 -> 16.26542 | N16: =M16/129.2417 -> 0.12585272 | O16: 10048.985 | P16: =C16/O16*12 -> 146.60108 | Q16: =(K16*12/O16)/129.2417 -> 13.847607
B17: Rose Copacabana Orange | C17: 50986 | D17: 285 | E17: =C17-D17 -> 50701 | F17: 45630 | G17: 9040 | H17: =F17+G17 -> 54670 | I17: 681728.22 | J17: 27793.11 | K17: =I17+J17 -> 709521.33 | L17: =F17/E17 -> 0.89998225 | M17: =I17/F17 -> 14.940351 | N17: =M17/129.2417 -> 0.11560008 | O17: 5173.3662 | P17: =C17/O17*12 -> 118.26574 | Q17: =(K17*12/O17)/129.2417 -> 12.734175
... B20: Rose Confidential | C20: 52197 | D20: 288 | E20: =C20-D20 -> 51909 | F20: 32193 | G20: 13400 | H20: =F20+G20 -> 45593 | I20: 460224.22 | J20: 40844.85 | K20: =I20+J20 -> 501069.07 | L20: =F20/E20 -> 0.62018147 | M20: =I20/F20 -> 14.295785 | N20: =M20/129.2417 -> 0.11061279 | O20: 4962.4615 | P20: =C20/O20*12 -> 126.22042 | Q20: =(K20*12/O20)/129.2417 -> 9.3751673
B21: Rose Moonwalk Yellow | C21: 19196 | D21: 205 | E21: =C21-D21 -> 18991 | F21: 10300 | G21: 4800 | H21: =F21+G21 -> 15100 | I21: 159389.1 | J21: 14689.66 | K21: =I21+J21 -> 174078.76 | L21: =F21/E21 -> 0.54236217 | M21: =I21/F21 -> 15.47467 | N21: =M21/129.2417 -> 0.11973434 | O21: 2977.4769 | P21: =C21/O21*12 -> 77.364831 | Q21: =(K21*12/O21)/129.2417 -> 5.4284515 | R21: To Replace
B22: SUB TOTAL | C22: =SUM(C6:C21) -> 1266595 | D22: =SUM(D6:D21) -> 5606 | E22: =SUM(E6:E21) -> 1260989 | F22: =SUM(F6:F21) -> 968735 | G22: =SUM(G6:G21) -> 308780 | H22: =SUM(H6:H21) -> 1277515 | I22: =SUM(I6:I21) -> 15818761 | J22: =SUM(J6:J21) -> 945448.52 | K22: =SUM(K6:K21) -> 16764209 | L22: =F22/E22 -> 0.7682343 | M22: =I22/F22 -> 16.329296 | N22: =M22/129.2417 -> 0.12634696 | O22: =SUM(O6:O21) -> 86952.369 | P22: =C22/O22*12 -> 174.79846 | Q22: =(K22*12/O22)/129.2417 -> 17.901122
B23: % | D23: =D22/C22 -> 0.0044260399 | E23: =E22/C22 -> 0.99557396
B24: SPRAY ROSES
B25: Spray Rose Odilia Pink | C25: 46534 | D25: 263 | E25: =C25-D25 -> 46271 | F25: 48840 | G25: 3280 | H25: =F25+G25 -> 52120 | I25: 1744610.7 | J25: 11310.34 | K25: =I25+J25 -> 1755921.1 | L25: =F25/E25 -> 1.0555207 | M25: =I25/F25 -> 35.720941 | N25: =M25/129.2417 -> 0.27638866 | O25: 5024.4923 | P25: =C25/O25*12 -> 111.1372 | Q25: =(K25*12/O25)/129.2417 -> 32.448258
B26: Spray Rose Good Mood | C26: 38037 | D26: 215 | E26: =C26-D26 -> 37822 | F26: 44760 | G26: 160 | H26: =F26+G26 -> 44920 | I26: 1705104.8 | J26: 551.72 | K26: =I26+J26 -> 1705656.5 | L26: =F26/E26 -> 1.1834382 | M26: =I26/F26 -> 38.094388 | N26: =M26/129.2417 -> 0.29475307 | O26: 5027.4462 | P26: =C26/O26*12 -> 90.79043 | Q26: =(K26*12/O26)/129.2417 -> 31.500883
B27: Spray Rose Marisa Yellow | C27: 19115 | D27: 115 | E27: =C27-D27 -> 19000 | F27: 24010 | G27: 9020 | H27: =F27+G27 -> 33030 | I27: 831747.17 | J27: 31103.43 | K27: =I27+J27 -> 862850.6 | L27: =F27/E27 -> 1.2636842 | M27: =I27/F27 -> 34.641698 | N27: =M27/129.2417 -> 0.26803809 | O27: 2667.3231 | P27: =C27/O27*12 -> 85.996332 | Q27: =(K27*12/O27)/129.2417 -> 30.035756
B28: Spray Rose Reflex Bicolour | C28: 63765 | D28: 200 | E28: =C28-D28 -> 63565 | F28: 65760 | G28: 460 | H28: =F28+G28 -> 66220 | I28: 2372555.7 | J28: 1586.2 | K28: =I28+J28 -> 2374141.9 | L28: =F28/E28 -> 1.0345316 | M28: =I28/F28 -> 36.07901 | N28: =M28/129.2417 -> 0.2791592 | O28: 7381.6615 | P28: =C28/O28*12 -> 103.65959 | Q28: =(K28*12/O28)/129.2417 -> 29.862842
B29: Spray Rose Fire Works Bi-Pink | C29: 18804 | D29: 167 | E29: =C29-D29 -> 18637 | F29: 19620 | H29: =F29+G29 -> 19620 | I29: 760021.45 | K29: =I29+J29 -> 760021.45 | L29: =F29/E29 -> 1.0527445 | M29: =I29/F29 -> 38.737077 | N29: =M29/129.2417 -> 0.29972584 | O29: 2481.2308 | P29: =C29/O29*12 -> 90.941964 | Q29: =(K29*12/O29)/129.2417 -> 28.440503
B30: Spray Rose Fancy | C30: 16370 | D30: 184 | E30: =C30-D30 -> 16186 | F30: 19140 | G30: 20 | H30: =F30+G30 -> 19160 | I30: 707525.11 | J30: 68.97 | K30: =I30+J30 -> 707594.08 | L30: =F30/E30 -> 1.1825034 | M30: =I30/F30 -> 36.965784 | N30: =M30/129.2417 -> 0.28602057 | O30: 2357.1692 | P30: =C30/O30*12 -> 83.337249 | Q30: =(K30*12/O30)/129.2417 -> 27.872249
B31: Spray Rose Eileen | C31: 20707 | D31: 207 | E31: =C31-D31 -> 20500 | F31: 20450 | G31: 420 | H31: =F31+G31 -> 20870 | I31: 756071.81 | J31: 1448.27 | K31: =I31+J31 -> 757520.08 | L31: =F31/E31 -> 0.99756098 | M31: =I31/F31 -> 36.971727 | N31: =M31/129.2417 -> 0.28606655 | O31: 2605.2923 | P31: =C31/O31*12 -> 95.37663 | Q31: =(K31*12/O31)/129.2417 -> 26.997048
B32: Spray Rose Babe Orange | C32: 43845 | D32: 186 | E32: =C32-D32 -> 43659 | F32: 41330 | G32: 3700 | H32: =F32+G32 -> 45030 | I32: 1483096.3 | J32: 12758.63 | K32: =I32+J32 -> 1495855 | L32: =F32/E32 -> 0.94665476 | M32: =I32/F32 -> 35.884257 | N32: =M32/129.2417 -> 0.27765231 | O32: 5148.5538 | P32: =C32/O32*12 -> 102.1918 | Q32: =(K32*12/O32)/129.2417 -> 26.976327
B33: Spray Rose Tessa | C33: 23734 | D33: 137 | E33: =C33-D33 -> 23597 | F33: 22430 | G33: 620 | H33: =F33+G33 -> 23050 | I33: 769764.51 | J33: 2137.93 | K33: =I33+J33 -> 771902.44 | L33: =F33/E33 -> 0.95054456 | M33: =I33/F33 -> 34.318525 | N33: =M33/129.2417 -> 0.26553755 | O33: 2667.3231 | P33: =C33/O33*12 -> 106.77672 | Q33: =(K33*12/O33)/129.2417 -> 26.869858
B34: Spray Rose Snowflake White | C34: 30621 | D34: 326 | E34: =C34-D34 -> 30295 | F34: 39770 | H34: =F34+G34 -> 39770 | I34: 1493018.2 | K34: =I34+J34 -> 1493018.2 | L34: =F34/E34 -> 1.3127579 | M34: =I34/F34 -> 37.541317 | N34: =M34/129.2417 -> 0.29047372 | O34: 5210.5846 | P34: =C34/O34*12 -> 70.520302 | Q34: =(K34*12/O34)/129.2417 -> 26.60463
B35: Spray Rose Lianne Pink | C35: 37743 | D35: 191 | E35: =C35-D35 -> 37552 | F35: 38840 | G35: 760 | H35: =F35+G35 -> 39600 | I35: 1403469.5 | J35: 2620.68 | K35: =I35+J35 -> 1406090.2 | L35: =F35/E35 -> 1.0342991 | M35: =I35/F35 -> 36.134643 | N35: =M35/129.2417 -> 0.27958966 | O35: 5024.4923 | P35: =C35/O35*12 -> 90.141645 | Q35: =(K35*12/O35)/129.2417 -> 25.983615
B36: Spray Rose Mirabel | C36: 58712 | D36: 240 | E36: =C36-D36 -> 58472 | F36: 62200 | G36: 1920 | H36: =F36+G36 -> 64120 | I36: 2177574.4 | J36: 6620.65 | K36: =I36+J36 -> 2184195 | L36: =F36/E36 -> 1.063757 | M36: =I36/F36 -> 35.009235 | N36: =M36/129.2417 -> 0.27088188 | O36: 8436.1846 | P36: =C36/O36*12 -> 83.514531 | Q36: =(K36*12/O36)/129.2417 -> 24.039417
B37: Spray Rose Salinero | C37: 35402 | D37: 155 | E37: =C37-D37 -> 35247 | F37: 33920 | G37: 300 | H37: =F37+G37 -> 34220 | I37: 1255315.3 | J37: 1034.48 | K37: =I37+J37 -> 1256349.8 | L37: =F37/E37 -> 0.96235141 | M37: =I37/F37 -> 37.008116 | N37: =M37/129.2417 -> 0.2863481 | O37: 5055.5077 | P37: =C37/O37*12 -> 84.031916 | Q37: =(K37*12/O37)/129.2417 -> 23.074079
B38: Spray Rose Silver Shadow | C38: 17495 | D38: 186 | E38: =C38-D38 -> 17309 | F38: 16490 | G38: 280 | H38: =F38+G38 -> 16770 | I38: 589237.1 | J38: 965.52 | K38: =I38+J38 -> 590202.62 | L38: =F38/E38 -> 0.95268358 | M38: =I38/F38 -> 35.732996 | N38: =M38/129.2417 -> 0.27648194 | O38: 2481.2308 | P38: =C38/O38*12 -> 84.611235 | Q38: =(K38*12/O38)/129.2417 -> 22.085771
B39: Spray Rose Azore | C39: 20508 | D39: 221 | E39: =C39-D39 -> 20287 | F39: 17960 | G39: 1760 | H39: =F39+G39 -> 19720 | I39: 680001.46 | J39: 6068.95 | K39: =I39+J39 -> 686070.41 | L39: =F39/E39 -> 0.885296 | M39: =I39/F39 -> 37.861997 | N39: =M39/129.2417 -> 0.29295496 | O39: 3039.5077 | P39: =C39/O39*12 -> 80.965743 | Q39: =(K39*12/O39)/129.2417 -> 20.95772
B40: Spray Rose Trinity Cream Yellow | C40: 15546 | D40: 46 | E40: =C40-D40 -> 15500 | F40: 11130 | G40: 5960 | H40: =F40+G40 -> 17090 | I40: 517665.81 | J40: 21275.87 | K40: =I40+J40 -> 538941.68 | L40: =F40/E40 -> 0.71806452 | M40: =I40/F40 -> 46.510854 | N40: =M40/129.2417 -> 0.35987498 | O40: 2481.2308 | P40: =C40/O40*12 -> 75.185268 | Q40: =(K40*12/O40)/129.2417 -> 20.167553
B41: Spray Rose Royal Porcelina Cream | C41: 28256 | D41: 197 | E41: =C41-D41 -> 28059 | F41: 26110 | G41: 4980 | H41: =F41+G41 -> 31090 | I41: 942191.87 | J41: 17172.41 | K41: =I41+J41 -> 959364.28 | L41: =F41/E41 -> 0.93053922 | M41: =I41/F41 -> 36.08548 | N41: =M41/129.2417 -> 0.27920926 | O41: 4652.3077 | P41: =C41/O41*12 -> 72.88254 | Q41: =(K41*12/O41)/129.2417 -> 19.14669
B42: Spray Rose Yellow Babe | C42: 19230 | D42: 122 | E42: =C42-D42 -> 19108 | F42: 15620 | G42: 3400 | H42: =F42+G42 -> 19020 | I42: 547384.28 | J42: 11724.14 | K42: =I42+J42 -> 559108.42 | L42: =F42/E42 -> 0.81745866 | M42: =I42/F42 -> 35.043808 | N42: =M42/129.2417 -> 0.27114939 | O42: 2788.4308 | P42: =C42/O42*12 -> 82.756224 | Q42: =(K42*12/O42)/129.2417 -> 18.617217
B43: Spray Rose Sweet Sara | C43: 12456 | D43: 155 | E43: =C43-D43 -> 12301 | F43: 14540 | G43: 220 | H43: =F43+G43 -> 14760 | I43: 511518.19 | J43: 758.62 | K43: =I43+J43 -> 512276.81 | L43: =F43/E43 -> 1.1820177 | M43: =I43/F43 -> 35.180068 | N43: =M43/129.2417 -> 0.27220369 | O43: 2605.2923 | P43: =C43/O43*12 -> 57.372449 | Q43: =(K43*12/O43)/129.2417 -> 18.256891
B44: Spray Rose Dominica | C44: 13825 | D44: 125 | E44: =C44-D44 -> 13700 | F44: 12001 | G44: 1800 | H44: =F44+G44 -> 13801 | I44: 440184.13 | J44: 6206.9 | K44: =I44+J44 -> 446391.03 | L44: =F44/E44 -> 0.8759854 | M44: =I44/F44 -> 36.678954 | N44: =M44/129.2417 -> 0.28380124 | O44: 2357.1692 | P44: =C44/O44*12 -> 70.381031 | Q44: =(K44*12/O44)/129.2417 -> 17.583417
B45: Spray Rose Cheyenne | C45: 10670 | D45: 119 | E45: =C45-D45 -> 10551 | F45: 11090 | H45: =F45+G45 -> 11090 | I45: 418036.8 | K45: =I45+J45 -> 418036.8 | L45: =F45/E45 -> 1.0510852 | M45: =I45/F45 -> 37.694932 | N45: =M45/129.2417 -> 0.29166231 | O45: 2481.2308 | P45: =C45/O45*12 -> 51.603423 | Q45: =(K45*12/O45)/129.2417 -> 15.643212
B46: Spray Rose Dinara | C46: 16621 | D46: 164 | E46: =C46-D46 -> 16457 | F46: 14290 | G46: 60 | H46: =F46+G46 -> 14350 | I46: 519508.12 | J46: 206.9 | K46: =I46+J46 -> 519715.02 | L46: =F46/E46 -> 0.86832351 | M46: =I46/F46 -> 36.354662 | N46: =M46/129.2417 -> 0.28129204 | O46: 3225.6 | P46: =C46/O46*12 -> 61.834077 | Q46: =(K46*12/O46)/129.2417 -> 14.96006
B47: Spray Rose Leila Pink | C47: 6496 | D47: 85 | E47: =C47-D47 -> 6411 | F47: 6580 | G47: 100 | H47: =F47+G47 -> 6680 | I47: 241654.37 | J47: 344.83 | K47: =I47+J47 -> 241999.2 | L47: =F47/E47 -> 1.0263609 | M47: =I47/F47 -> 36.725588 | N47: =M47/129.2417 -> 0.28416206 | O47: 1736.8615 | P47: =C47/O47*12 -> 44.880952 | Q47: =(K47*12/O47)/129.2417 -> 12.936813
B48: Spray Rose Sweet Blossoms | C48: 12201 | D48: 165 | E48: =C48-D48 -> 12036 | F48: 8800 | G48: 1500 | H48: =F48+G48 -> 10300 | I48: 325110.85 | J48: 5172.41 | K48: =I48+J48 -> 330283.26 | L48: =F48/E48 -> 0.73113991 | M48: =I48/F48 -> 36.944415 | N48: =M48/129.2417 -> 0.28585522 | O48: 2481.2308 | P48: =C48/O48*12 -> 59.007813 | Q48: =(K48*12/O48)/129.2417 -> 12.359417
B49: Spray Rose Snow Bubble | C49: 10380 | D49: 177 | E49: =C49-D49 -> 10203 | F49: 7530 | G49: 2220 | H49: =F49+G49 -> 9750 | I49: 257524.72 | J49: 7655.16 | K49: =I49+J49 -> 265179.88 | L49: =F49/E49 -> 0.73801823 | M49: =I49/F49 -> 34.19983 | N49: =M49/129.2417 -> 0.26461916 | O49: 2481.2308 | P49: =C49/O49*12 -> 50.200893 | Q49: =(K49*12/O49)/129.2417 -> 9.9232057
B50: Spray Rose Wedding Party | C50: 15413 | D50: 159 | E50: =C50-D50 -> 15254 | F50: 14030 | G50: 360 | H50: =F50+G50 -> 14390 | I50: 486332.97 | J50: 1241.37 | K50: =I50+J50 -> 487574.34 | L50: =F50/E50 -> 0.91975875 | M50: =I50/F50 -> 34.66379 | N50: =M50/129.2417 -> 0.26820902 | O50: 5009.7231 | P50: =C50/O50*12 -> 36.919406 | Q50: =(K50*12/O50)/129.2417 -> 9.0366135 | R50: To Replace
B51: Spray Rose Jalita | C51: 27598 | D51: 248 | E51: =C51-D51 -> 27350 | F51: 13390 | G51: 2700 | H51: =F51+G51 -> 16090 | I51: 473581.2 | J51: 9310.34 | K51: =I51+J51 -> 482891.54 | L51: =F51/E51 -> 0.48957952 | M51: =I51/F51 -> 35.368275 | N51: =M51/129.2417 -> 0.27365993 | O51: 4993.4769 | P51: =C51/O51*12 -> 66.321724 | Q51: =(K51*12/O51)/129.2417 -> 8.9789413
B52: Spray Rose Tarantella Yellow | C52: 19055 | D52: 98 | E52: =C52-D52 -> 18957 | F52: 6730 | G52: 0 | H52: =F52+G52 -> 6730 | I52: 235976.97 | J52: 0 | K52: =I52+J52 -> 235976.97 | L52: =F52/E52 -> 0.35501398 | M52: =I52/F52 -> 35.063443 | N52: =M52/129.2417 -> 0.27130131 | O52: 2481.2308 | P52: =C52/O52*12 -> 92.155878 | Q52: =(K52*12/O52)/129.2417 -> 8.8304136
B53: Spray Rose Zadique | C53: 7352 | D53: 90 | E53: =C53-D53 -> 7262 | F53: 6500 | G53: 1400 | H53: =F53+G53 -> 7900 | I53: 216037.93 | J53: 4827.58 | K53: =I53+J53 -> 220865.51 | L53: =F53/E53 -> 0.89507023 | M53: =I53/F53 -> 33.236605 | N53: =M53/129.2417 -> 0.25716626 | O53: 2605.2923 | P53: =C53/O53*12 -> 33.863379 | Q53: =(K53*12/O53)/129.2417 -> 7.8713646
B54: SUB TOTAL | C54: =SUM(C25:C53) -> 706491 | D54: =SUM(D25:D53) -> 4943 | E54: =SUM(E25:E53) -> 701548 | F54: =SUM(F25:F53) -> 683861 | G54: =SUM(G25:G53) -> 47400 | H54: =SUM(H25:H53) -> 731261 | I54: =SUM(I25:I53) -> 24861822 | J54: =SUM(J25:J53) -> 164172.3 | K54: =SUM(K25:K53) -> 25025994 | L54: =F54/E54 -> 0.97478861 | M54: =I54/F54 -> 36.355081 | N54: =M54/129.2417 -> 0.28129528 | O54: =SUM(O25:O53) -> 106988.31 | P54: =(C54/O54)*12 -> 79.241295 | Q54: =(K54*12/O54)/129.2417 -> 21.718689
B55: % | D55: =D54/C54 -> 0.0069965506 | E55: =E54/C54 -> 0.99300345
B57: GRAND TOTAL | C57: =C22+C54 -> 1973086 | D57: =D22+D54 -> 10549 | E57: =E22+E54 -> 1962537 | F57: =F22+F54 -> 1652596 | G57: =G22+G54 -> 356180 | H57: =H22+H54 -> 2008776 | I57: =I22+I54 -> 40680583 | J57: =J22+J54 -> 1109620.8 | K57: =K22+K54 -> 41790203 | L57: =F57/(E57) -> 0.84207126 | M57: =I57/F57 -> 24.616169 | N57: =M57/129.2417 -> 0.19046615 | O57: =O54+O22 -> 193940.68 | P57: =(C57/O57)*12 -> 122.08389 | Q57: =(K57*12/O57)/129.2417 -> 20.007101
B58: % | D58: =D57/C57 -> 0.0053464471 | E58: =E57/C57 -> 0.99465355
B60: Notes
A61: 1 | B61: Ranked by Revenue / SQM
A62: 2 | B62: Exports were at 77% for Standard Roses and 97% for Spray roses whose combined average is 84%.
A63: 3 | B63: Standard Roses achieved a prorated revenue / SQM of USD 17.90, Spray Roses achieved a prorated revenue / SQM of USD 21.72 whose combined average is USD 20.01/SQM.
A64: 4 | B64: Rejection Rate for Standard Roses was 0.44% While that of Spray Roses was 0.70% - Average Rejection rate was 0.53% of Production.
A65: 5 | B65: Standard Roses achieved a prorated production / SQM of 175 Stems, Spray Roses achieved a prorated Production / SQM of 79 Stems whose combined average is 122 Stems /SQM.
A66: 6 | B66: Standard Roses achieved an average price of USD 0.13/ Stem, Spray Roses achieved an average price of USD 0.28 / Stems whose combined average price USD 0.19 /Stem.
A67: 7 | B67: Above computation is on Weighted Average USD Exchange Rate for March 2025 I.E 129.2417
B69: Particulars | C69: SQM
B70: Standard Roses | C70: =O22 -> 86952.369
B71: Spray Roses | C71: =O54 -> 106988.31
B72: Trials | C72: 1612.8
B73: Root Stocks | C73: 2171.0769
B74: Total Area | C74: =SUM(C70:C73) -> 197724.55

Sheet June 2025 - Prodn & Sales
B1: ZEEFLORA LIMITED
B2: PERFORMANCE PER VARIETY ANALYSIS
B3: 45838
B4: Description | C4: Production -Qty | D4: Rejection | E4: Sellable / Available for Sale | F4: Sales - Qty Export | G4: Sales - Qty Local | H4: Total Sales - Qty | I4: Export Sales -KES | J4: Local Sales KES | K4: Total Sales- KES | L4: % Export Sales | M4: Average Export Price KES | N4: Average Export Price USD | O4: Area SQM | P4: Production Per SQM | Q4: Revenue / SQM- USD
B5: STANDARD ROSES
B6: Rose Ace Cerise | C6: 51535 | D6: 375 | E6: =C6-D6 -> 51160 | F6: 42090 | G6: 4240 | H6: =F6+G6 -> 46330 | I6: 625800.96 | J6: 13155.16 | K6: =I6+J6 -> 638956.12 | L6: =F6/E6 -> 0.82271306 | M6: =I6/F6 -> 14.868163 | N6: =M6/129.2343 -> 0.11504811 | O6: 3349.6615 | P6: =C6/O6*12 -> 184.62164 | Q6: =(K6*12/O6)/129.2343 -> 17.712243
B7: Rose Athena White | C7: 180582 | D7: 470 | E7: =C7-D7 -> 180112 | F7: 141343 | G7: 22900 | H7: =F7+G7 -> 164243 | I7: 1904712.3 | J7: 70698.25 | K7: =I7+J7 -> 1975410.5 | L7: =F7/E7 -> 0.7847506 | M7: =I7/F7 -> 13.475816 | N7: =M7/129.2343 -> 0.1042743 | O7: 10545.231 | P7: =C7/O7*12 -> 205.49422 | Q7: =(K7*12/O7)/129.2343 -> 17.394211
B8: Rose Jumilia Bicolour Pink | C8: 136446 | D8: 441 | E8: =C8-D8 -> 136005 | F8: 114618 | G8: 6060 | H8: =F8+G8 -> 120678 | I8: 2002367.1 | J8: 19189.64 | K8: =I8+J8 -> 2021556.8 | L8: =F8/E8 -> 0.84274843 | M8: =I8/F8 -> 17.469919 | N8: =M8/129.2343 -> 0.1351802 | O8: 8560 | P8: =C8/O8*12 -> 191.27944 | Q8: =(K8*12/O8)/129.2343 -> 21.928838
B9: Rose Trivia Pale Pink | C9: 91111 | D9: 277 | E9: =C9-D9 -> 90834 | F9: 83093 | G9: 2480 | H9: =F9+G9 -> 85573 | I9: 1217494.8 | J9: 8051.69 | K9: =I9+J9 -> 1225546.4 | L9: =F9/E9 -> 0.91477861 | M9: =I9/F9 -> 14.652194 | N9: =M9/129.2343 -> 0.11337698 | O9: 5334 | P9: =C9/O9*12 -> 204.97413 | Q9: =(K9*12/O9)/129.2343 -> 21.334389
B10: Rose Madam Cerise | C10: 34390 | D10: 295 | E10: =C10-D10 -> 34095 | F10: 27540 | G10: 780 | H10: =F10+G10 -> 28320 | I10: 385500.21 | J10: 2353.43 | K10: =I10+J10 -> 387853.64 | L10: =F10/E10 -> 0.80774307 | M10: =I10/F10 -> 13.997829 | N10: =M10/129.2343 -> 0.10831357 | O10: 2233 | P10: =C10/O10*12 -> 184.80967 | Q10: =(K10*12/O10)/129.2343 -> 16.128077
B11: Rose Pegasso White | C11: 49355 | D11: 621 | E11: =C11-D11 -> 48734 | F11: 34380 | G11: 5220 | H11: =F11+G11 -> 39600 | I11: 748209.52 | J11: 15982.77 | K11: =I11+J11 -> 764192.29 | L11: =F11/E11 -> 0.70546231 | M11: =I11/F11 -> 21.76293 | N11: =M11/129.2343 -> 0.16839902 | O11: 4962.4615 | P11: =C11/O11*12 -> 119.34803 | Q11: =(K11*12/O11)/129.2343 -> 14.299108
B12: Rose Celeb Salmon Pink | C12: 50988 | D12: 322 | E12: =C12-D12 -> 50666 | F12: 43420 | G12: 2080 | H12: =F12+G12 -> 45500 | I12: 787167.55 | J12: 6534.45 | K12: =I12+J12 -> 793702 | L12: =F12/E12 -> 0.85698496 | M12: =I12/F12 -> 18.129147 | N12: =M12/129.2343 -> 0.14028123 | O12: 5768.8615 | P12: =C12/O12*12 -> 106.06183 | Q12: =(K12*12/O12)/129.2343 -> 12.775291
B13: Rose Copacabana Orange | C13: 51633 | D13: 291 | E13: =C13-D13 -> 51342 | F13: 44225 | G13: 7900 | H13: =F13+G13 -> 52125 | I13: 651158.89 | J13: 24198.26 | K13: =I13+J13 -> 675357.15 | L13: =F13/E13 -> 0.86138055 | M13: =I13/F13 -> 14.723774 | N13: =M13/129.2343 -> 0.11393085 | O13: 5148.5538 | P13: =C13/O13*12 -> 120.3437 | Q13: =(K13*12/O13)/129.2343 -> 12.180124
B14: Rose Goldfinch | C14: 72300 | D14: 301 | E14: =C14-D14 -> 71999 | F14: 66684 | G14: 2600 | H14: =F14+G14 -> 69284 | I14: 1032272.8 | J14: 8724.12 | K14: =I14+J14 -> 1040996.9 | L14: =F14/E14 -> 0.92617953 | M14: =I14/F14 -> 15.480067 | N14: =M14/129.2343 -> 0.11978296 | O14: 8071.9429 | P14: =C14/O14*12 -> 107.48342 | Q14: =(K14*12/O14)/129.2343 -> 11.974981
B15: Rose Espana Bi-Color | C15: 74680 | D15: 315 | E15: =C15-D15 -> 74365 | F15: 45631 | G15: 13180 | H15: =F15+G15 -> 58811 | I15: 609230.31 | J15: 39767.24 | K15: =I15+J15 -> 648997.55 | L15: =F15/E15 -> 0.61360855 | M15: =I15/F15 -> 13.351237 | N15: =M15/129.2343 -> 0.10331032 | O15: 5492.6769 | P15: =C15/O15*12 -> 163.15542 | Q15: =(K15*12/O15)/129.2343 -> 10.97141
B16: Rose Kamala Red | C16: 107425 | D16: 390 | E16: =C16-D16 -> 107035 | F16: 76450 | G16: 26740 | H16: =F16+G16 -> 103190 | I16: 1102905.6 | J16: 83784.49 | K16: =I16+J16 -> 1186690.1 | L16: =F16/E16 -> 0.71425235 | M16: =I16/F16 -> 14.426496 | N16: =M16/129.2343 -> 0.11163055 | O16: 10048.985 | P16: =C16/O16*12 -> 128.28162 | Q16: =(K16*12/O16)/129.2343 -> 10.965252
B17: Rose Madam Red | C17: 134729 | D17: 348 | E17: =C17-D17 -> 134381 | F17: 79208 | G17: 2240 | H17: =F17+G17 -> 81448 | I17: 1135599.9 | J17: 7120.69 | K17: =I17+J17 -> 1142720.6 | L17: =F17/E17 -> 0.58942857 | M17: =I17/F17 -> 14.336935 | N17: =M17/129.2343 -> 0.11093754 | O17: 10330.231 | P17: =C17/O17*12 -> 156.50647 | Q17: =(K17*12/O17)/129.2343 -> 10.271491
... B20: Rose Indigo | C20: 32169 | D20: 242 | E20: =C20-D20 -> 31927 | F20: 11780 | G20: 5760 | H20: =F20+G20 -> 17540 | I20: 169261.81 | J20: 18206.9 | K20: =I20+J20 -> 187468.71 | L20: =F20/E20 -> 0.36896671 | M20: =I20/F20 -> 14.368575 | N20: =M20/129.2343 -> 0.11118236 | O20: 2419.2 | P20: =C20/O20*12 -> 159.56845 | Q20: =(K20*12/O20)/129.2343 -> 7.1954916
B21: SUB TOTAL | C21: =SUM(C6:C20) -> 1152562 | D21: =SUM(D6:D20) -> 5256 | E21: =SUM(E6:E20) -> 1147306 | F21: =SUM(F6:F20) -> 864535 | G21: =SUM(G6:G20) -> 118380 | H21: =SUM(H6:H20) -> 982915 | I21: =SUM(I6:I20) -> 13088677 | J21: =SUM(J6:J20) -> 367215.35 | K21: =SUM(K6:K20) -> 13455893 | L21: =F21/E21 -> 0.7535348 | M21: =I21/F21 -> 15.139557 | N21: =M21/129.2343 -> 0.11714814 | O21: =SUM(O6:O20) -> 89832.558 | P21: =C21/O21*12 -> 153.96137 | Q21: =(K21*12/O21)/129.2343 -> 13.908561
B22: % | D22: =D21/C21 -> 0.0045602753 | E22: =E21/C21 -> 0.99543972
B23: SPRAY ROSES
B24: Spray Rose Babe Orange | C24: 45738 | D24: 235 | E24: =C24-D24 -> 45503 | F24: 39410 | G24: 920 | H24: =F24+G24 -> 40330 | I24: 1386077.9 | J24: 3172.43 | K24: =I24+J24 -> 1389250.3 | L24: =F24/E24 -> 0.86609674 | M24: =I24/F24 -> 35.170715 | N24: =M24/129.2343 -> 0.27214691 | O24: 5520.7385 | P24: =C24/O24*12 -> 99.417135 | Q24: =(K24*12/O24)/129.2343 -> 23.36613
B25: Spray Rose Eileen | C25: 27087 | D25: 263 | E25: =C25-D25 -> 26824 | F25: 27710 | G25: 1400 | H25: =F25+G25 -> 29110 | I25: 955806.61 | J25: 4896.57 | K25: =I25+J25 -> 960703.18 | L25: =F25/E25 -> 1.0330301 | M25: =I25/F25 -> 34.493201 | N25: =M25/129.2343 -> 0.26690439 | O25: 2605.2923 | P25: =C25/O25*12 -> 124.76297 | Q25: =(K25*12/O25)/129.2343 -> 34.240194
B26: Spray Rose Odilia Pink | C26: 50291 | D26: 272 | E26: =C26-D26 -> 50019 | F26: 50410 | G26: 900 | H26: =F26+G26 -> 51310 | I26: 1758501.7 | J26: 3103.46 | K26: =I26+J26 -> 1761605.2 | L26: =F26/E26 -> 1.007817 | M26: =I26/F26 -> 34.883986 | N26: =M26/129.2343 -> 0.26992823 | O26: 4838.4 | P26: =C26/O26*12 -> 124.72966 | Q26: =(K26*12/O26)/129.2343 -> 33.807283
B27: Spray Rose Marisa Yellow | C27: 16945 | D27: 203 | E27: =C27-D27 -> 16742 | F27: 27180 | G27: 800 | H27: =F27+G27 -> 27980 | I27: 920178.88 | J27: 2758.63 | K27: =I27+J27 -> 922937.51 | L27: =F27/E27 -> 1.623462 | M27: =I27/F27 -> 33.854999 | N27: =M27/129.2343 -> 0.26196605 | O27: 2667.3231 | P27: =C27/O27*12 -> 76.233735 | Q27: =(K27*12/O27)/129.2343 -> 32.129216
B28: Spray Rose Tessa | C28: 23713 | D28: 216 | E28: =C28-D28 -> 23497 | F28: 24730 | G28: 560 | H28: =F28+G28 -> 25290 | I28: 822098.57 | J28: 1931.03 | K28: =I28+J28 -> 824029.6 | L28: =F28/E28 -> 1.0524748 | M28: =I28/F28 -> 33.242967 | N28: =M28/129.2343 -> 0.25723022 | O28: 2605.2923 | P28: =C28/O28*12 -> 109.22229 | Q28: =(K28*12/O28)/129.2343 -> 29.369044
B29: Spray Rose Good Mood | C29: 40347 | D29: 269 | E29: =C29-D29 -> 40078 | F29: 37310 | G29: 880 | H29: =F29+G29 -> 38190 | I29: 1449857.7 | J29: 3034.51 | K29: =I29+J29 -> 1452892.3 | L29: =F29/E29 -> 0.93093468 | M29: =I29/F29 -> 38.859763 | N29: =M29/129.2343 -> 0.30069233 | O29: 4838.4 | P29: =C29/O29*12 -> 100.06696 | Q29: =(K29*12/O29)/129.2343 -> 27.882717
B30: Spray Rose Reflex Bicolour | C30: 57534 | D30: 266 | E30: =C30-D30 -> 57268 | F30: 56380 | G30: 760 | H30: =F30+G30 -> 57140 | I30: 1999179.9 | J30: 2620.72 | K30: =I30+J30 -> 2001800.7 | L30: =F30/E30 -> 0.98449396 | M30: =I30/F30 -> 35.459027 | N30: =M30/129.2343 -> 0.27437783 | O30: 7257.3692 | P30: =C30/O30*12 -> 95.131993 | Q30: =(K30*12/O30)/129.2343 -> 25.612092
B31: Spray Rose Lianne Pink | C31: 36231 | D31: 244 | E31: =C31-D31 -> 35987 | F31: 37880 | G31: 1340 | H31: =F31+G31 -> 39220 | I31: 1315422.4 | J31: 4672.4 | K31: =I31+J31 -> 1320094.8 | L31: =F31/E31 -> 1.0526023 | M31: =I31/F31 -> 34.72604 | N31: =M31/129.2343 -> 0.26870606 | O31: 5024.4923 | P31: =C31/O31*12 -> 86.530534 | Q31: =(K31*12/O31)/129.2343 -> 24.395874
